Row,j1,j2,j3,j4,j5
i1,-0.723475469477629,-0.116169694750396,0.158069636908427,-0.53660765483951,-0.262004315926048
i2,0.913152839512244,-0.968913232815832,-0.843041012206998,0.957689437469849,0.807690372517768
i3,0.715183480013756,0.55102952741009,-0.250536198173455,0.897681659949742,0.0401143341519923
i4,-0.0347584057330452,-0.875667160588568,-0.918235406852034,0.965901073105482,0.142900131942469
i5,-0.219788075350485,-0.0765328840342084,-0.212771536206793,-0.84862203099964,0.5926662921016
i6,-0.772095794752306,0.147204840533388,0.319383879480792,-0.594408150456835,-0.241493833304838
i7,0.832889086811735,0.273187879615294,0.151142726025333,-0.152633866192496,-0.531337056581528
i8,-0.990067554601153,-0.0708268893001494,0.957638481518977,0.0434819082785156,0.649814745205331
i9,-0.662891610600861,-0.846829388611231,-0.147464304161869,-0.0823189305403879,-0.83677211874571
i10,-0.372060155644443,-0.425490353954533,0.584455424783806,0.236347303400927,-0.826960909659623
i11,-0.907080838540572,-0.855248640580371,0.132289155632454,-0.0264416355506871,-0.317583044967369
i12,-0.740303521296756,0.505799831262628,0.944549941748066,0.60486782550224,0.713784624702784
i13,0.430890428740823,-0.285876042019602,-0.00110354225100295,0.430821666735714,0.00127941902829565
i14,-0.0573186691871472,0.342079603817687,-0.210061938849337,0.124979583942517,-0.288607617165214
i15,-0.343026974697866,0.00975595917861205,-0.54750929279245,-0.676768388317325,-0.0270679110347996
i16,-0.582230774243512,-0.180422569768253,-0.528667009789258,0.232379302858654,0.366205455994928
i17,-0.111574084749661,-0.346413995136856,-0.153393970776636,0.868133711578272,0.174600982679398
i18,-0.66572121824212,-0.794946349443832,0.853023046401904,0.966926324104787,0.682418895556959
i19,-0.369326853658402,-0.222019881046178,-0.359613598690676,0.439845819898148,-0.837912709745952
i20,-0.506951529108033,-0.205268586719888,-0.435406029992707,-0.610189740336549,-0.433965354682477
i21,0.637611632683621,0.0118520378356159,-0.265588859364185,0.738817412588571,0.392147917711451
i22,0.363978613005381,0.638814779363861,-0.0340619823890859,-0.734731801306311,-0.074139399012882
i23,-0.357973648741077,0.440273807854914,0.640147589496828,0.489675551807881,-0.290548352780787
i24,0.11664997639717,0.72712265963576,-0.512933937019026,-0.899818836932702,-0.914467916606229
i25,-0.455999229845923,0.0744078984308811,-0.945020919504376,0.295870358848751,-0.312434955389146
i26,-0.510126284026074,0.736984388253138,-0.399357068258603,-0.866995578148726,-0.0845474431055275
i27,-0.515973941023291,-0.00926870106607725,-0.406048105421468,0.860258931217537,0.252150111095567
i28,0.312528807231644,-0.477930127377438,0.65991718311809,0.00867772068709516,-0.475107509744718
i29,0.0109752154926936,0.302138905147422,-0.712902240170649,-0.793071920138694,0.685633812321923
i30,-0.861749604375979,0.180784892034722,0.641387270028523,0.164536612500154,0.772596388707249
i31,-0.899035191392261,0.143006858837934,0.742242962439697,0.346010875930472,0.879963159433252
i32,-0.518913903001911,-0.15259573653093,0.109042076207994,-0.5820377306234,0.145596689510778
i33,-0.136632946731416,-0.0991052563397745,-0.958730379884613,0.949135476380015,-0.34041437944052
i34,-0.460905930076645,-0.714660638834357,-0.0131330511318445,-0.917296943566034,0.555914378692579
i35,0.31870303016455,-0.403302329515826,0.437104338885211,-0.0398724075103616,0.0528358625543455
i36,0.882845063230817,-0.989036687017629,0.411075088286793,0.27759614118652,0.240163531197754
i37,0.507558500038461,0.871656041634934,0.798736942901056,-0.189356703853534,0.386125943854605
i38,0.235023274205202,0.269329082198296,0.417632512723842,0.949704038191779,-0.822112738768491
i39,0.473770043095282,0.790007302743926,0.89623709754376,0.250167701602741,0.426898746125624
i40,0.469117509699932,-0.0981514490944867,-0.983899535308305,-0.569238278758927,-0.356033512317211
i41,0.118369499046524,-0.140067446562175,0.649332806880939,0.248710295484042,-0.5085376395091
i42,0.502732770434295,0.166982758931224,-0.913825049889486,-0.216196991703947,-0.300070919031432
i43,-0.250251951709233,0.258477447176152,0.0089267292440105,0.618814704795664,-0.383534370351036
i44,0.172346517306253,0.0617639833989658,0.305852979748859,0.781709489020454,-0.452567351374686
i45,-0.548712031798543,0.235382426854443,0.509439200161311,0.557691870102952,-0.740738399876363
i46,-0.442658455744264,-0.728576017781795,-0.443689328652261,0.417362623837236,0.357240678539104
i47,-0.964928830237755,0.583424212184512,0.201701116568638,-0.163526216761529,-0.389925246988848
i48,-0.329330495389182,0.33975305149865,0.792046167498536,0.281751458393637,-0.459263959344405
i49,-0.745815177369533,-0.270612262811469,0.282151835600754,-0.0390407989763557,0.161304275298754
i50,-0.210964085881276,-0.357696567733119,0.593688512107656,-0.253202399547581,-0.900670772042156
i51,-0.728789476866582,-0.463115807385836,-0.0458710364978484,-0.130305673361593,0.651838994741895
i52,0.633261432828862,-0.695997026538569,-0.217884715154698,-0.18363326013627,-0.935782782023698
i53,0.448592744556005,-0.321987682383698,0.770003859718986,0.171774628058,-0.412631318344435
i54,-0.822081443894888,0.700975199308113,0.425210654805109,-0.539792934586178,-0.342060734917385
i55,0.61662399905116,-0.540556887850205,0.66119346275962,0.476687653601553,0.344366453602067
i56,-0.588386265175479,-0.865667023996113,-0.986709517116691,0.782072761280206,0.269726990428457
i57,-0.795563427056769,0.0324079008136544,-0.797137074353252,0.540513074816034,0.420175378265821
i58,0.286545770479133,-0.749091875974667,0.0889260381546373,0.510204366615588,-0.396417996955239
i59,0.887264557394581,-0.132649743677005,0.731305389264666,0.080715478202726,0.996685092491451
i60,0.597543965557959,-0.828715132724248,-0.473726573078542,0.164639792762592,-0.351424942297975
i61,0.211277787769869,0.492868963899059,0.578467064858124,0.423642983402623,0.038632445855312
i62,-0.36218026526807,-0.296633862847154,0.269841820073937,-0.206816860547795,-0.723744178071301
i63,-0.471303739712534,0.188039717398957,0.457379605042836,0.634979502725468,0.81769836205342
i64,-0.15671619537337,0.346154125274073,0.802263152344245,0.16925672830669,-0.493568639223415
i65,-0.324537949733475,0.343429140661568,0.553535853422057,-0.0438912821420979,-0.858682429608667
i66,0.720519523928438,0.465471129815327,-0.581459137525244,0.564322636339872,-0.211626511855468
i67,-0.986368454392634,-0.380144803260477,-0.905348268448619,-0.109511177360696,0.985152531458322
i68,0.364563280296491,-0.836523181025052,-0.680544195676432,0.687572586446946,-0.547447207870296
i69,-0.346003579114314,0.311248369759012,0.44323017954375,0.356908196766794,-0.376118239841938
i70,-0.417953907104976,-0.4749406216662,-0.736009484290808,-0.795489754944023,0.0418835985989923
i71,0.259403879019987,0.797018364351643,-0.540217754085037,0.963364863784103,0.283545922570646
i72,0.826998593389947,-0.38420476092389,-0.129192588464968,0.112080865670164,-0.152684277837373
i73,0.751314374855359,0.48423052323599,-0.100229722669823,-0.576174656883419,0.376505645091348
i74,0.992376234125251,-0.340124969938339,-0.809521880473634,-0.780780235289433,-0.731152469923735
i75,-0.868174812940157,-0.238148631572597,-0.0170593169407665,-0.852013196165833,-0.849014405666514
i76,-0.763393568971545,0.250229833140379,-0.826748363444372,-0.960921182430817,-0.915440859742717
i77,0.952549647767901,0.812237720083446,-0.20842520830388,-0.336775639604987,0.130646359952809
i78,-0.836506955360315,-0.480318702186516,0.499404345874762,0.0880270040626128,0.797464240954872
i79,0.341714134047332,0.92048937625212,-0.317816813394462,0.707732281225288,0.195282969749339
i80,0.834077797509458,0.524448559799889,-0.389980013796767,0.24024520261022,0.0977610487813367
i81,-0.744425350428233,-0.993616420670373,0.648592488964267,0.192782120637079,0.300979500386495
i82,0.732096839311266,0.729383914665176,0.964889999226497,0.635443379228391,-0.119477353670725
i83,-0.960074270106564,0.453759775167024,0.946250541804039,0.349633729014546,-0.424762505608448
i84,-0.336517992984429,0.178886824014136,0.155658990872596,0.301710801544042,0.234830537675961
i85,-0.57818955446486,-0.310170905493258,-0.515893670286552,-0.347185979043905,0.29072508840319
i86,0.95582262378318,-0.329006367030487,-0.416335771149884,0.0102458836458708,0.530092531981673
i87,0.666474474130103,-0.849751634262871,0.35511965376388,0.908830011199817,-0.506385458970415
i88,0.558168143320902,-0.0253011875425625,0.148056431163336,-0.105053729630032,-0.374216778453402
i89,0.778240374309954,0.356574213905843,-0.595423243681102,0.987200643200251,-0.956947337788122
i90,0.522495318641321,0.200264093506866,0.926514393378437,0.823214413026499,-0.372512427278115
i91,0.652306538929958,-0.134489968884615,-0.314413853000235,-0.856977933524952,-0.23341165971458
i92,-0.382639067550605,0.877913293832898,-0.167700590581984,-0.433158178807537,0.311673876327843
i93,0.456479502720634,-0.24521098113195,-0.331039405499809,0.0761832120880332,0.223788913038122
i94,0.289010561315251,0.915158961817232,-0.156704359335834,0.484522741998991,0.523680208307332
i95,-0.450188930035904,-0.934425609377117,0.568236810600284,-0.367134866801454,0.778365614810845
i96,-0.347251385776225,-0.0564688388268824,0.608062791873011,-0.036366422925889,0.808204312602378
i97,0.800357593506168,0.463259830249599,0.160392295533208,0.24385552536245,-0.831019601611773
i98,-0.935720450594594,0.474168830918622,-0.820461432590735,0.498291842968045,0.0901547000808793
i99,0.360940482145729,0.0714774182968974,-0.60567267691714,0.393839445263912,-0.920478822677246
i100,-0.629181612162304,0.279030859469581,0.573483602915828,0.914941346858602,0.607044231754756
i101,0.621513177564913,0.541779854122585,-0.287757412406003,0.822109819067901,-0.303495869654754
i102,-0.613269608055241,0.643576240034836,0.698794413689941,-0.260348602141835,-0.503183547186444
i103,-0.818887600261847,-0.31129447655242,-0.717928168023625,0.0212633184984534,-0.407588640907138
i104,0.203053506684892,0.185944151042234,0.412654779729374,0.976222428956345,-0.710882185714888
i105,-0.806760784008293,0.738153453750112,-0.608873383333021,0.920528971977083,-0.593248339640426
i106,0.566623618432938,0.239443070836185,-0.230971464883685,0.653279311779418,0.667719280496226
i107,0.786974865756373,0.0672581817347497,-0.307095329351027,-0.149313789693349,0.505284884848408
i108,-0.399480710348763,0.732656354114462,0.857654656203764,0.655734945072424,0.500199022340275
i109,-0.464850604043978,0.42279189976941,0.694161437165903,-0.113106459137092,-0.420045783464288
i110,-0.983336944629792,-0.787943901432676,0.258526030778318,-0.255639525043117,-0.769877746592678
i111,-0.0188509316904601,0.0529416413502695,0.748143444818535,0.42406801897357,-0.904912462958147
i112,0.961956076676043,-0.958436388750454,-0.563953027080097,-0.52864198814827,-0.394669220020158
i113,0.446623390732584,-0.0487299820173237,-0.858154959520255,-0.631185726606933,0.326564135358589
i114,-0.404398341498073,0.819427334544418,0.367702510402759,-0.530542302360772,0.276543798495715
i115,0.162485423197885,-0.912987258016107,0.0670899673091629,-0.455742401739757,0.176155036178845
i116,0.528196744141448,0.909836383614913,0.0164931802619581,-0.914542444384749,-0.581739483661951
i117,-0.789767854792831,-0.638002032283543,-0.488303245217941,0.0719356959468904,-0.116550592794834
i118,0.114252921626687,-0.224136667076319,0.724339145828837,0.894308321422177,-0.37713424247604
i119,0.705703726192362,-0.592974884306818,0.657981318885815,0.591636831362405,0.668411270472723
i120,0.347449026471756,-0.818233820653945,-0.964326838511803,-0.519552345552448,0.527218464749623
i121,-0.561284894921853,-0.074558684687786,-0.0803472682477733,0.403067227495532,0.731825078828966
i122,-0.335694705584715,-0.459198078165094,0.90532282298457,0.393107616754839,-0.0997598212035052
i123,0.0576485623080785,-0.802065289899961,-0.113462605310217,0.528101614855392,0.496550445084404
i124,-0.876938153081534,0.0443598751831917,0.712092404734071,0.389349890248205,-0.850532579958605
i125,-0.215736432313189,-0.528013970189054,0.0680636066280589,-0.358999272457758,0.922714614392427
i126,-0.580400854243653,-0.276169413274751,-0.15971807608984,0.52279655296247,0.391436301800633
i127,-0.0330872617532245,0.174078651522686,-0.942514030845133,-0.241884078431231,-0.432492925124022
i128,0.582701390975835,0.161034801168854,-0.0248491764516539,-0.561940749265713,0.476291611169884
i129,-0.268056467972823,-0.0953228725077283,0.768215543597694,0.101609452979491,0.00972404093233981
i130,0.00972811695566,-0.170846108824788,0.826755667843853,-0.11664443463592,0.74498015339386
i131,-0.828899886387191,-0.188360163570096,-0.433849755163949,-0.668354211812766,-0.294016502805075
i132,0.801507685203722,-0.439378817318476,-0.723117498373594,-0.201965021708015,0.139018242093745
i133,-0.631410159734641,-0.640806951503767,-1,-0.965977994476128,-0.467968898824584
i134,-0.262084145070872,-0.739130420417518,-0.366196989131862,-0.154376835552173,-0.723179689707745
i135,0.280376378116875,-0.967740504238807,0.0523087695707343,-0.177491932972597,-0.495270011194876
i136,0.479142701378424,0.556960025712918,0.669110309235661,0.509402428681281,-0.215421600382847
i137,-0.689991022798547,0.0566167248213891,0.353182394635387,-0.606427730310969,0.395734983082046
i138,0.00765353107082745,0.498703519622891,0.840001127593945,0.0542725854516233,-0.928994516907436
i139,0.981122623703817,0.581754531881734,0.523158496192095,0.196027357185319,0.396310539191857
i140,0.388770358532043,-0.472473645487164,-0.647633177224457,-0.53825901380267,-0.426543821014739
i141,-0.850877740728323,-0.610770643553171,0.941326820253834,0.113906252653519,0.719243100756729
i142,-0.9185005322818,-0.870709864311169,-0.291078522458541,0.0699538841404692,0.11788763685055
i143,-0.0246905114523108,-0.0886974616404366,0.191128147375744,-0.332872513167145,-0.0239799935135164
i144,-0.125666456894989,0.471254618150196,0.470172376243834,0.978717372719374,-0.680991254668834
i145,-0.0426579405703856,0.965368626350306,0.759239808958929,0.0312422760369055,-0.444240072716337
i146,-0.702109320892674,0.16372537863512,-0.318809576947201,0.724814572709142,-0.154030021359517
i147,-0.303000521906713,-0.91366201572205,-0.106792501019194,0.588708427286145,0.936203046650791
i148,0.725759034238067,0.223585788589264,-0.652053392840873,0.0134479187639107,0.0737611884003864
i149,0.459004921152902,-0.450877967962792,-0.0955645122206537,-0.968399156148487,-0.743590693514936
i150,-0.201780161031839,0.144530180915909,-0.117948774784228,-0.494472672063414,0.857633065935465
i151,0.796071119672333,-0.0445081585920311,-0.738495440425677,0.997788890855634,-0.0369691653565977
i152,-0.829349912423051,-0.761100167294324,0.272706951283855,0.432208355467394,0.837065299370126
i153,-0.670887031713048,-0.194478735273758,0.805991457577175,0.997314423176664,-0.369930376664038
i154,0.870753860167789,0.592593583040681,-0.173345032527095,0.281456061272515,0.578520680723484
i155,-0.81487507932855,0.833380513579362,0.480648633949299,-0.224817188030353,-0.890910219909575
i156,-0.255586315021713,0.443271672052064,-0.407602011874154,0.0867889913378976,-0.545555165037355
i157,-0.447847244128022,0.95429112039225,0.177870682931081,0.59354155217308,0.570084916652462
i158,-0.865083333652723,-0.745188595919705,-0.871404221291705,-0.169285916877066,0.407119854294542
i159,-0.653251280090649,0.334761821365766,-0.933022044945905,-0.801348663072335,0.843797381768815
i160,-0.192443176042244,-0.165926489149588,0.102903626534567,0.158279467131539,0.229164210812149
i161,-0.440895453553893,0.176297015440785,0.127430096463062,0.272639396651659,0.115244991320933
i162,0.380206756785296,-0.602697814090892,-0.391882569963904,-0.739797903159793,0.518721503211877
i163,-0.570993353344613,-0.146927306218252,0.512884698987487,0.752090784983729,0.762796494902491
i164,0.902859674706157,-0.302610087385592,0.348751052699793,-0.0481152412040412,0.803617901910746
i165,-0.413077597202125,-0.255942014080311,0.901545617338083,0.292487935690132,0.714859205148091
i166,-0.718978759259987,-0.213345788934015,-0.0623991911727981,-0.387340591540922,0.381031231495862
i167,0.078548455902526,-0.762166549366297,0.0183569796403875,0.336722529536964,-0.118115750536569
i168,0.544693587591607,0.0503511819873588,0.600009324052852,-0.0282766638136301,-0.90802693608352
i169,-0.130651428895451,0.671065972691056,0.141506025268231,-0.114964229036544,-0.491954066209582
i170,0.985899515242774,-0.293312266268526,0.548689711163767,-0.35655311819309,-0.975861785576804
i171,-0.151104879602191,0.0417721920704699,0.855791556411012,0.109722146749176,-0.173573113211688
i172,-0.418893844219674,-0.755460747026111,-0.576665749443389,-0.975717232226886,0.838902712239228
i173,-0.555096232517482,0.210962353996582,0.218137392041856,0.0792990245112311,-0.335045655389043
i174,0.908631794217213,0.0782941422045995,-0.0967356977247255,0.886039069929087,0.739762739282261
i175,-0.606626656413352,-0.263256534973337,0.238367796697313,-0.0535994254886756,-0.701477247395663
i176,-0.243321921538282,0.748833704002136,-0.587214789969997,-0.350716665149206,-0.313021722133623
i177,-0.596347467762409,-0.29035207936795,0.364545150285817,0.629231894945972,-0.0980152399915099
i178,-0.486996183408063,-0.0274719544810327,-0.960255972710599,-0.704150535866155,-0.558160690385884
i179,-0.190734735172112,-0.53075894824889,-0.532672101828493,-0.809634871538426,0.550286339694056
i180,0.993409836417989,0.597152810247991,0.842640294117054,-0.11204897408466,-0.479787605116148
i181,0.805900991682059,-0.466726582211937,0.555324001975483,-0.0777862002676427,0.782950301068472
i182,0.0620457864536259,0.0961595308839445,0.0639018308244206,0.47032579607237,-0.359427403661761
i183,0.149775689423536,0.113390023100107,-0.847607410295866,0.409464778311166,-0.600304195292153
i184,-0.856960640178618,0.76402721501267,-0.598730223717655,0.0295974067585434,0.451987432582657
i185,0.111310365067236,0.889926263964845,0.996518227713674,0.531858245544103,0.915068164966993
i186,0.765947446494764,-0.902877663013437,0.944222673359679,0.907207280455485,0.828166609693191
i187,-0.0868771573450474,0.968311285134893,0.673468152907517,-0.199623378237364,0.41174285397056
i188,-0.234619562901124,0.309555573770826,-0.144238857597222,-0.134499014178394,0.633047615513483
i189,-0.804632347689812,-0.85656777241926,0.989298398682215,0.950302806556115,0.735049218991589
i190,0.267895235775157,-0.572601904017973,0.610598309660191,0.870102445718987,0.78867479199329
i191,0.967413021708281,-0.246540531142296,-0.0544413454485886,-0.394887650431252,-0.514398522511966
i192,0.315501894711309,-0.0859745217152236,-0.730819715873493,0.744187648461132,0.273674909168636
i193,-0.175103737645476,0.575546038310514,-0.571290614678616,0.0942222746845183,-0.473519786002069
i194,0.273198369253721,0.826226719246709,0.671880112658516,0.0584315211716646,-0.0617303124223055
i195,0.125230724386146,0.303012530533313,-0.348046001670726,0.701103036750681,0.581807051071923
i196,0.462482003600685,0.929073215346083,0.484664031284494,0.595103125929701,0.431292799532984
i197,0.246904724839271,0.564578023400529,-0.670342644697806,0.0430941784887899,-0.472057289308152
i198,-0.00657678416511298,0.10486429370307,0.472042354068037,0.747342205241333,0.482864765514888
i199,0.855764192505495,0.727425412982303,-0.0180736863537768,-0.28386877057051,0.84153975090431
i200,0.17543453295626,0.66556190904251,0.43949431482457,-0.136484048961081,0.681729336543233
i201,0.243133513889934,-0.732028364999553,-0.745037052990057,0.256134062236859,0.945553826784644
i202,0.380829717300973,0.580478571100732,0.975253329238745,0.745160492434745,-0.708862614719271
i203,0.695642507537531,0.285001471836458,0.174202465386763,0.108195307785292,0.720784804691661
i204,-0.26296725624759,-0.143721728986454,-0.464618504565812,-0.191351982277084,0.537394999955317
i205,0.397489401225438,0.719554140239624,-0.166228710618534,-0.894632895454168,0.532926182315738
i206,0.0221286172126718,-0.921503867289812,0.87589950273666,-0.151903549661297,-0.0325892717100509
i207,-0.292170479594031,-0.816015658311948,-0.011567275728114,-0.230700472342175,-0.170174523287415
i208,-0.155997378065299,0.916242908714221,0.872428397064652,-0.0966304842143779,-0.783306889873181
i209,0.3444076969878,-0.145514944700035,0.326131399116782,-0.341082526003574,-0.0417163035815156
i210,-0.590252281602996,0.124059876180803,-0.135925662653474,0.736131912360355,-0.700454738586482
i211,0.943019274722598,0.80704720063415,-0.10527083574369,0.202548808503471,-0.367647445971343
i212,0.935056339510836,-0.305235630983611,0.572573338414631,0.134737685809628,-0.177237598386261
i213,-0.445489437496938,0.370020609005026,0.0564781143187416,-0.699580317231629,0.869055657047351
i214,-0.339494609960804,0.504041889820654,-0.813983822955844,0.525241494339722,-0.598599176249203
i215,0.990928757612964,-0.553183239210633,0.812670038093444,0.307299223332602,0.321508566374406
i216,0.537004027335614,0.171167462982865,0.753376623304663,0.896696160595231,-0.147536176011866
i217,0.559164836304711,-0.0334137917039903,-0.880285773351302,-0.875191099148137,-0.596081245436069
i218,0.227120039470101,0.276244448423384,0.275004228690505,-0.166494216459543,-0.94310285903919
i219,0.595154156444818,0.153624516681001,0.795048002692043,-0.0860627554161839,0.616764766870682
i220,-0.117568011782533,0.0861736591694755,-0.296030865649704,0.0357944135715462,-0.306117257020802
i221,0.639471811020441,-0.422545953231868,0.340429081241217,0.673766878574323,0.507744777987864
i222,-0.769122110856862,0.777325345050508,-0.12305298210725,0.99521294111326,0.2046307449621
i223,-0.000810451180636274,0.883834703332519,-0.137365091397543,-0.250985086993067,-0.361143420443156
i224,0.401605518453947,0.654661581716192,-0.56753187779249,-0.604814701511113,0.638628622557475
i225,-0.548072964523413,0.950813813120311,0.744718178351126,0.985558184028123,0.800579315950104
i226,0.0351757245315225,0.0958818553267824,0.897473382037369,0.370035557782002,0.203353718889981
i227,-0.25946870224598,-0.771829848168802,-0.0728284445284014,0.882706697653017,0.636536024368664
i228,0.569375667014482,0.337034271327913,0.134751008443223,0.266925654557582,0.134173586972785
i229,0.301463099513395,-0.617296753387402,0.992503199676694,0.293201054994984,0.635904427862561
i230,0.953372745067713,0.742507860928734,-0.215754844459762,-0.249546090543586,-0.931235682984394
i231,0.849838069996289,0.902414268117005,-0.546297842822037,-0.958425494132442,0.694959909107258
i232,0.106443027885238,-0.791827446115415,0.750566868235403,0.178462817887114,-0.765640087092467
i233,-0.851685037475838,-0.394117015109777,0.387408610297829,0.45696954254096,-0.684303844834774
i234,-0.210020508163752,0.639939310514724,-0.639402910890466,0.308133630716211,0.460442276455968
i235,-0.675282113896013,-0.055045593516725,-0.991426053016345,-0.853465953319001,-0.575598990392525
i236,0.984868725858119,0.0295517157984047,-0.646230338302545,-0.688011880177868,0.484973716620602
i237,0.0157912791854153,-0.936518612236295,-0.584681315797373,0.503440580064357,0.736495468053568
i238,0.736498914437222,0.204806349092703,0.813195913180878,-0.0334150913306903,-0.562905736500159
i239,0.260645797374089,0.204275711601095,0.428966898810921,-0.239519045977034,0.467038477195457
i240,-0.0840830426056534,0.537727418729721,-0.724312570146525,-0.441076489267808,0.242853755438183
i241,-0.825417027851422,-0.851700384417534,-0.178115118397773,-0.612564873362104,0.0621462440527525
i242,0.919466642490336,0.628273640875716,0.329872962649689,0.902830130775106,0.928313882420601
i243,0.206133266186326,-0.613085807879227,-0.352517787029747,-0.208495392056861,-0.618944379180272
i244,-0.717124208811713,0.110493432779632,0.186207804124577,-0.712157173814498,-0.579810379987467
i245,-0.236706321138018,0.843384153467599,-0.574810397290882,0.0481310698882482,0.330583422779369
i246,0.728948514839755,0.978275074763857,0.0674048764113839,-0.802822339608297,0.486242286436388
i247,0.0489024310183297,0.961470151440994,0.458138675592055,0.0667077923153487,-0.19253721149272
i248,0.0539454181734151,-0.37365757564005,0.435727961365458,-0.211469076008906,0.954397030880222
i249,-0.133965705269745,0.559243796603631,-0.490938432190906,0.510440721317195,-0.938207918480583
i250,-0.668740136820344,-0.583094643632378,-0.462654541267622,-0.665294683350869,-0.28122336301819
i251,-0.54165628550514,0.743672882596586,-0.071708848169148,-0.070584553378863,0.313294297682108
i252,-0.459460097007686,0.357051768192622,-0.541044808787521,0.182270667051644,-0.925376224501144
i253,0.0307409379446326,-0.799836132010967,-0.285978151835223,-0.797631829995312,-0.721162214356404
i254,0.0915913988632548,0.216542631047857,0.267740372063169,-0.0305455603755874,-0.488836292098674
i255,-0.205697809954519,0.94430199516061,0.502743529373686,0.54691750955562,0.722493973041769
i256,0.788907653116914,0.721494262397329,-0.0424600814063414,-0.723160748647658,0.852569388050324
i257,-0.414869033712898,0.55755222180924,0.241077848539563,0.411784634131995,-0.988528306373534
i258,0.262991338850208,0.475862135317589,-0.357573727541145,0.681406018065912,-0.466398890406468
i259,-0.451868974788831,-0.510598065842888,-0.395524108518267,-0.00972734219160787,0.237503966972829
i260,-0.527947662457769,-0.917841173485046,-0.704935662765038,-0.987558384146588,0.982146173297754
i261,-0.314398613483975,-0.0181021512561154,0.704531337273768,-0.299225599830144,0.961038562807878
i262,0.579850653824532,-0.758045460807155,-0.425833719339535,0.937502841223245,0.259154184273213
i263,0.0474767299789678,-0.678205115344443,0.829276708421528,0.27088388029691,0.908202217495925
i264,0.131182721837305,-0.102653049685795,-0.756560326781155,0.545211282325587,-0.196276175750834
i265,-0.584970225585412,0.375543156008775,0.230187404139367,-0.292011736098836,-0.519872896929704
i266,-0.809721247204875,0.956328578843049,-0.437543416039642,-0.463820259966406,0.157581343935929
i267,0.248665410369924,-0.448490483035142,-0.00985939530618796,0.0539073524091314,0.137402615916376
i268,0.946444146553509,0.11639753911915,0.0792481106421594,-0.182776227891385,-0.385155214218304
i269,-0.812469608433095,0.86465178414741,0.94359198662913,0.863244806290555,0.750133145383404
i270,-0.66212210705492,-0.666008776604397,-0.157820076316125,-0.297058594564174,0.688262329149202
i271,-0.972875095416226,0.63223122907548,-0.551399404989743,-0.757526266389771,0.309210111686819
i272,0.655672175393355,-0.796061220643871,0.849355019323138,-0.135719785072509,0.448779015953481
i273,-0.0608897181603554,0.780482599362339,0.39816844645372,0.933540761624204,-0.413087761661418
i274,-0.0793870817901847,0.090213694200451,-0.754911629184145,0.64410709024015,-0.742484648434173
i275,0.79767039355438,0.958770544800644,-0.275339300519579,0.246572327639318,-0.686397633529301
i276,-0.19735804248099,0.568004663597927,-0.38422482703289,0.326495618098825,0.354370767659958
i277,0.0545482483202169,0.500833482224391,-0.397384324751102,0.333557078294743,-0.266483364303513
i278,0.373630024959374,-0.996184309236015,0.124310988439267,0.0628823472365845,0.256107819251465
i279,-0.857304320837655,-0.588867825429603,0.613130461936809,0.905147881759991,0.569805640201807
i280,-0.00279261534565123,-0.487669223051965,-0.0884956377727923,-0.776418515464626,0.473668283496247
i281,-0.0417259864141482,-0.847738446453632,0.603461794099792,0.682095840100217,0.478750593368882
i282,0.686954672262964,0.520211808545631,-0.192690357899038,-0.380059553635503,-0.877974186635986
i283,0.18947326657431,0.678837697747106,0.487828928519063,0.188703667273526,-0.521512211478471
i284,-0.783005514547328,-0.29504445484494,-0.27962406046734,-0.0686311252464384,-0.0206374221937434
i285,0.182100482515381,-0.722592592924791,0.916201260288786,0.320450355263837,0.821790335186271
i286,-0.70658337461053,0.372695975225846,0.505130130550281,-0.496972501492929,0.111619045557823
i287,-0.232206917682053,0.693379459332358,0.887539161578997,-0.0467311911901453,-0.886013624292584
i288,0.0364618505689653,0.396582573072977,0.518881809486307,0.387487433926977,0.600945952179615
i289,0.712848840391644,-0.711096240722363,0.832249028996867,0.939637798685085,0.567172254372836
i290,0.279286581972615,-0.19875412796803,-0.29334676046364,-0.457479479843979,0.0561507994905883
i291,0.533460194409168,0.408726667199042,-0.839267950048272,0.73319199903012,-0.95032352938607
i292,-0.774267936557612,0.0834774324704322,0.726823980973863,0.815092189649298,0.950456766680685
i293,0.0260287693557271,0.967255322978055,0.722699080466281,0.696305796589523,-0.481508149975572
i294,0.773043575371576,-0.474754972548228,0.0974177346998282,0.494246422850865,0.824773574492128
i295,-0.793035560036097,0.753706944047522,0.845306890424297,0.491522246138553,-0.0536830819620001
i296,0.229064476767206,-0.210243557815864,0.0307126951732131,0.901135310343582,-0.869415000037747
i297,-0.848509274830658,-0.71673715994645,-0.890387106983935,0.713405493446936,-0.800619825256076
i298,-0.212608157212218,-0.843284905427943,-0.150084095070982,0.702613600055318,-0.207349954316708
i299,0.400314979516745,0.525189981928204,0.393039312047741,0.548598926805389,0.0652704154115069
i300,-0.816082374411583,-0.215118234399989,-0.480009087518837,-0.0642518130415628,-0.179664543629373
i301,0.59255964924553,-0.190632162062511,0.804933391209482,0.722275681014676,-0.996796705546969
i302,0.241227426530125,-0.378306686005649,-0.110308951952275,0.872094142730772,0.434238389733351
i303,0.76442025345918,-0.398092747509978,-0.52306510535689,-0.962741843398604,-0.256450783315766
i304,0.209237891159656,-0.493764309358652,-0.603930501650023,0.455373928744441,0.324848151712024
i305,-0.20760705066947,-0.0179451178438801,0.710613779556063,-0.076439529519165,-0.654146106339421
i306,0.258149284315969,0.981834127826291,0.492506567367087,0.173659573487825,0.260380419182923
i307,-0.0298070766428791,-0.172391159898336,0.333755874235066,0.968539667464182,-0.0921076289430359
i308,-0.83110913511549,0.907050444880253,-0.198824600183987,0.711924703635529,0.370917985857472
i309,0.238943598182183,-0.663340201294208,0.684275790467479,0.95516765593858,-0.633832655225727
i310,0.883968244424161,0.84784303144959,-0.119383970500614,-0.31965740426757,0.785457252076288
i311,-0.0732956798666342,0.562193611995905,0.300426407104535,-0.469205136424565,-0.662069184040314
i312,0.164379158486877,0.740142033636696,0.82070434243522,0.0491202892854385,-0.804594947495686
i313,0.135734970533779,0.26576925721563,-0.76005928848816,-0.333059997195303,0.534592646887499
i314,-0.593153988691055,-0.787368847582783,0.202231296161238,0.0649550683219209,0.805429745513276
i315,0.2940253800722,-0.0312815408735645,-0.966498786117521,-0.448917429720855,-0.458147727313899
i316,-0.716540179712271,0.347266740004844,-0.805297250124481,0.848512295906628,0.213915532149312
i317,0.509070793823384,-0.885328205746428,0.82216415396465,0.345595186341519,-0.833647716256624
i318,-0.622572547618966,-0.956569090766594,0.0940713992499946,0.579946777813045,-0.415525418873551
i319,-0.695190099192044,-0.408896634523623,0.285263639334266,-0.619060374627645,0.691928307462096
i320,0.417589617981788,0.869793377777248,-0.51114407101403,-0.707371919078831,0.384155333625323
i321,-0.525930057506077,0.0767290587359977,0.249606894277567,0.410676527088196,0.0258550164527911
i322,-0.710081755158035,0.769674334197901,-0.618521332548116,0.214119487967279,-0.229563833043837
i323,0.215605861262197,-0.203735526399588,0.295524244114645,0.169449252488919,-0.543682375806289
i324,-0.538250738261256,0.78397995510403,-0.628907842142126,-0.271371816665395,-0.517003340181261
i325,-0.511418769456507,0.126416361510635,0.24413635011108,-0.178585779935083,0.544791585753076
i326,0.660749807959072,0.792222666610229,0.950598685799606,0.420157800350481,-0.144728625863334
i327,-0.240748071599367,-0.798095996334192,0.345301348577023,-0.0197023948578362,0.64626230846294
i328,-0.80055378761302,-0.571029367408088,-0.324105383443945,0.587659066603133,0.0863115717369707
i329,-0.65851776422459,0.47040709022346,-0.115740834652547,0.517548084399584,-0.79498132755223
i330,-0.293322038187203,-0.241022199397464,-0.940297163170614,0.88134631291284,-0.906908926280351
i331,0.711420519817488,-0.9994718329371,0.0341464382161103,0.615596652608194,0.899989022782727
i332,0.15853610603871,-0.177877302056421,0.9850240897224,0.0458857797184844,0.248850556631292
i333,-0.521137771858576,-0.351047550748153,0.452815414613517,-0.321190823177111,0.986321087940541
i334,-0.309923395399216,-0.151819754645051,-0.228963029768586,-0.723750429386436,0.00841122841333597
i335,0.7429756503753,-0.636388358763182,0.171338273519794,0.101397188343038,0.977478517566331
i336,0.778868588741301,-0.578982419056239,0.144117394399501,-0.578945613938408,0.170461012525448
i337,-0.119962098832813,0.251423295192964,-0.0152114151145485,-0.75276288663163,-0.510965247830888
i338,-0.493641181426943,0.25548052740228,-0.691844676143964,0.527427520094685,-0.760124392181678
i339,0.0700148485281458,-0.65035287081115,-0.418027030324529,-0.0974101216562996,-0.728929948342296
i340,-0.676879429698065,0.873583764724383,-0.0300067430602953,0.448571786732695,0.495565231222018
i341,0.69456713347702,-0.888305075515179,-0.702346140698975,-0.766558522119001,-0.713379776240573
i342,-0.584314628681164,-0.599612771753389,-0.210940318425539,-0.122883460614605,-0.609794813715997
i343,-0.699983535770792,0.0689245298069556,0.176373397362653,0.0910882193991716,-0.142843352794233
i344,-0.950609291959716,0.577522894199329,0.636843091106491,0.735676878114958,-0.267894251306278
i345,-0.376954498770594,-0.701436770406908,-0.086684904371447,0.838403645410033,-0.036537232234865
i346,0.0780106015840443,0.866780874598466,0.357015867739341,-0.308078373431418,-0.791818212276396
i347,0.62443631864435,-0.0923579357789294,0.528512634999609,-0.275293335602541,-0.651295309852834
i348,0.575353251256161,-0.886239487383362,-0.622482606839524,-0.770688138642174,0.297389081644734
i349,-0.953203717708514,0.397785878253623,0.247803381069129,0.319448761492582,0.587604133791894
i350,-0.276259991259729,-0.443133180885301,0.55993427270148,-0.0445074226307698,-0.199823998092186
i351,-0.0240828689070455,0.612957275580385,-0.190967443360694,0.75691956737749,-0.325793078694493
i352,-0.0849115068136423,0.942776918144302,-0.150630103645587,-0.221554059595475,0.819599076378006
i353,-0.922928204365998,0.436190448570751,-0.0507937694104132,-0.103598497443986,0.454466669777575
i354,0.194993067954929,0.0396537291721542,-0.562223282964129,-0.619749049162434,-0.122929814090992
i355,0.112406208987008,-0.806480218334545,0.676893656648788,0.54700098745667,-0.611604441557136
i356,-0.429523880508759,-0.412795740030435,-0.0273866842802074,0.579356616222694,-0.898525958056328
i357,-0.152353038889243,0.13255797044669,-0.779689399316237,0.627914761593581,0.905501371578919
i358,-0.749855506850454,-0.978168301892927,-0.26329329979071,-0.080563747485378,-0.0937011405816837
i359,-0.423189181215861,-0.43164360498106,0.651969057809944,0.727026975904076,0.212937728046135
i360,0.488697267360055,0.240945769475426,-0.740826295127256,0.235129387876952,0.0674358899842475
i361,-0.934947609866689,-0.65223844158782,0.299920246899793,-0.624975731023468,0.811319226379173
i362,-0.491934712656574,-0.655729686554996,0.475866595979095,0.755157223335172,-0.616114154788773
i363,0.988611720277976,0.401162704627377,0.43074878472871,0.0540817553538757,-0.809530274737628
i364,-0.122667394212796,0.190412780913601,-0.773527348886983,-0.375320705008016,-0.888564992494388
i365,-0.730008430082441,0.166042663320112,0.933240813194477,0.459843374570148,-0.911285501500044
i366,0.738024321683551,0.949629122201537,-0.183756742349505,0.541958493293411,0.379572035111067
i367,-0.940668185545769,0.299672855873199,0.121493107054879,-0.692249736964226,0.00481178893274836
i368,-0.785762086633283,-0.346767508787358,-0.78729377332718,0.617582556667316,0.875119015962735
i369,-0.535213970152797,0.0898906916858893,-0.0685692169795726,-0.650650600341989,-0.109564062678522
i370,0.487822780315862,0.75113921181208,-0.389963259694207,0.436239682656521,0.742183213488625
i371,0.766975393376004,0.991287995952973,-0.37585394691934,-0.812334654424123,0.41433903500197
i372,-0.597503881474168,0.716840343224975,0.237278527540582,-0.218511385670788,0.902725415274654
i373,0.307339861650693,-0.283745695267708,-0.301482717585608,0.646268833592175,0.0121571650514396
i374,0.610183623324722,0.550175719734449,0.336112073263677,0.0242403156975759,-0.0707064499504423
i375,0.877911512798978,0.894126276369978,0.0114038482992813,0.904610246291597,0.0601935019652307
i376,0.710357280406128,0.386750012413187,0.615400025257186,-0.369926673896746,0.0848607616643853
i377,-0.246935485604293,0.00649236681991616,0.152143534342256,0.135926551169168,-0.0147899448499965
i378,0.851879511879532,-0.418925220719691,-0.852511023937147,-0.602977740189081,0.926059280153759
i379,-0.149245681477468,0.256704212594886,-0.494139627138035,-0.228760471092617,0.716236538432784
i380,-0.711888552339793,-0.313304458860702,0.827808053593113,1,-0.333367140197967
i381,-0.408357362265246,0.93405704532966,0.795214195052717,0.504805085945193,0.442815913887021
i382,0.328869475038166,-0.0536875601101126,0.986679865486971,0.826606760401911,0.709258603143629
i383,0.843133803529504,0.938997181842404,-0.349569591293249,0.405343550327852,-0.321378613178351
i384,0.873358822420429,0.402801321617898,0.979144058035313,0.47870119771952,-0.673680518462944
i385,0.157233019295309,0.477177291250237,0.232098908573038,-0.0552748741144448,-0.832690064699272
i386,0.876502346945451,0.930386237585278,0.303279377199424,0.358811221525037,0.509749819388107
i387,-0.226455302283003,0.896993551875894,0.194856945984994,-0.198179891880323,0.103936912458147
i388,-0.925709451732768,0.70400577523633,0.619163528556257,0.506744244160255,-0.0451984927726056
i389,-0.439434286283667,-0.683217237399124,0.219041901607572,0.0977030593215307,0.598260512640745
i390,-0.93806579289757,0.692531252866293,-0.24259232680465,0.911109881137534,-0.538006896144183
i391,0.696802925254423,-0.0125204784122795,-0.634542308497282,0.924369493326656,-0.327323429198354
i392,-0.170108789856859,-0.388714526066509,-0.871736980568574,0.98131389051375,0.471389227468797
i393,-0.834228924565608,0.0923276740202541,-0.681308761923721,0.695240971722692,-0.0292287267474078
i394,-0.748100135534961,0.69797391989088,-0.232550178951495,0.310252411692793,-0.126674799875204
i395,-0.564944137077342,0.136653038017669,-0.973746641192523,0.760532402156242,-0.449339650694574
i396,-0.603561678285622,-0.492396522530231,0.942919149978298,0.74821820384843,0.185883825330946
i397,0.702883000461467,-0.265727656737476,-0.363429423062269,0.51570041815231,0.630279109365958
i398,0.49209292094059,-0.629511020143921,0.922738900252525,0.839790436460858,-0.902407589223086
i399,-0.330784303837436,-0.274196187621186,-0.925811940721341,-0.805704661256548,-0.692500210759985
i400,-0.257050702611158,-0.622563782902573,-0.227712399530127,-0.0163213810988463,0.0287104295455602
i401,0.142871667951068,0.709946802714891,-0.449010625933118,-0.785609684640377,0.799477528563378
i402,0.0431236036232179,-0.179565438679363,-0.2699783747492,-0.127740449849168,-0.308460901102849
i403,-0.35530380867906,-0.98552826084416,0.589024399440801,-0.38666904610603,-0.381107965188523
i404,0.684176429672102,-0.360248195574784,-0.141198261605349,-0.258031215648234,-0.863743236644802
i405,-0.500452544133018,0.711804877216024,0.0709792657367947,0.991703846880402,-0.876221284379869
i406,0.841565833482275,-0.435615888857213,-0.898298142314711,0.765325880546055,0.182809061099696
i407,-0.252560193567716,0.615085509834517,0.0542290639107685,0.907109990501781,0.67045216592634
i408,0.334169419984738,0.118946224162693,0.549689849032864,0.377336053824513,-0.249738223054475
i409,-0.474638882029692,-0.683947867232126,0.234005951230268,-0.71753988613251,-0.246380456064038
i410,-0.949005896575603,0.101797737595576,0.882830752717229,0.684698100525493,-0.923418741515075
i411,0.864222812638749,-0.429428326856711,0.592473224099882,0.383630204570647,-0.160711491595449
i412,0.039146360202805,0.482332272848229,0.515983278675393,0.184010929752444,0.733489557231201
i413,0.303148580395272,0.5150197540933,-0.337341562154448,-0.567528525430336,-0.952930047595973
i414,0.183787981989067,-0.0378723253209821,0.0288442878295871,0.0343708615723386,-0.645199924542277
i415,0.472454087535989,-0.635130367213041,0.294090655441032,0.522669582878826,0.662253693266553
i416,0.94974224405796,-0.725220265610029,-0.00552570347607351,-0.145250303814094,-0.978902620101261
i417,0.425526210281144,-0.468604970227844,0.331700888910182,-0.600154830865387,-0.0168080627155072
i418,0.690354088983747,0.322232780718396,-0.526195459742175,-0.354802753560132,0.664262906333751
i419,0.974694467025202,0.652854962338878,0.966531279996098,0.889437639713739,0.822489138924579
i420,0.48512625236179,0.383366954441475,-0.816860545468318,0.715878809782568,0.0514616412857873
i421,-0.738416254056999,-0.418346879123153,-0.204895795594221,-0.500306009415749,0.674684574272933
i422,-0.365570861044334,-0.705424534962642,0.977021001815819,0.636994603776003,0.156294635247312
i423,-0.944214467194326,-0.515429305711344,-0.0584914116161814,0.464516246415224,0.565490247512359
i424,0.357550366447317,0.442751311016161,0.22426411092579,0.569159686604834,-0.309711221655821
i425,0.899885835073386,-0.86002139586639,-0.983550267904954,-0.978907560599834,-0.783114601358627
i426,0.426983956667928,0.0435493402586933,0.556911124172006,0.0427063325341528,0.402856805251018
i427,0.44588035415265,0.975901491276149,0.489749997358009,-0.0856222375364611,0.493629363959296
i428,-0.688431914501814,0.810695426091764,-0.559355620446468,0.422515190886737,-0.140055232908128
i429,-0.31858072597532,0.210281057424121,-0.22519204493114,0.778096457973908,-0.25273580273893
i430,0.105124420209092,0.595744575154023,-0.476311333518424,-0.467973090384688,-0.892212945005847
i431,-0.100972215905797,0.543319783378445,-0.825160772305016,0.389204069698171,-0.189213636786959
i432,0.642876166896609,0.452622872437102,-0.544650433040685,-0.713359928931168,-0.210530890057727
i433,0.599791821806465,0.408688867923894,-0.0661442228101857,-0.27401806166574,-0.380808003053496
i434,-0.374384696538308,-0.433525072776512,0.00560909251819353,0.693894606499116,0.851373716514858
i435,-0.0929735824382798,0.22155174381229,0.700728982462794,0.399844765687484,0.340190831511508
i436,0.309822832961216,0.287663424201338,-0.202794261398864,0.398811565996187,-0.086849807269976
i437,0.144368563423416,0.66223836235518,-0.218946616317888,0.730279581706297,0.26720700847199
i438,-0.753927586129439,-0.964675421828403,0.919854098484396,0.0121524748701276,0.221410399666748
i439,-0.962030795120432,-0.566127219341911,-0.315025043831367,0.300267323859885,0.968214649630411
i440,-0.780075004944242,0.984676172335889,0.520624050652058,-0.417732860255321,0.542857893595424
i441,-0.601257715043349,0.672167480106496,0.406176598994293,0.898567666156839,0.437283600128763
i442,-0.112701976702557,0.306967795009895,0.860068567265644,0.560713174186113,0.770019267980438
i443,0.0415737859070129,0.420152393697764,-0.0571017798724754,0.66660083666999,-0.982919547885968
i444,0.965915965071589,0.658056634718306,-0.0198927785988948,0.468617624289569,0.166484702474345
i445,0.404748842110739,-0.445965413073191,-0.993629249492205,0.612093991580552,0.946474902321631
i446,0.943345423776024,0.372238883361719,-0.615773131887605,-0.188608083544852,0.102390234133733
i447,-0.902401515695345,-0.940811219401863,0.586475071180677,0.626694267314142,-0.873263276896658
i448,0.236251535379316,0.155831551048253,0.222090630886963,-0.671612099984519,0.152050765728043
i449,0.905047869234728,0.109077885554539,0.605026618609518,0.649290032171257,-0.518919781477203
i450,-0.489995354549018,0.763206080263856,0.692106326192723,-0.0133486158096006,-0.0661094961111086
i451,0.879404806574748,-0.628863955216948,0.383396981091774,0.0573965833426737,-0.801791491841958
i452,0.7861688305602,0.869118199425494,-0.323759455151576,0.660348651514798,-0.733380588085206
i453,-0.65238155821879,0.963225942232839,0.62968884958522,0.909695912418309,0.614581652323705
i454,0.440368119091407,-0.335379552421539,-0.716007389867239,-0.0903076693312667,-0.448581665350076
i455,-0.685565107702727,0.295935521881348,0.136887739353928,-0.559142038729169,0.037155309014075
i456,-0.797704941896734,0.106670849549219,0.150052337305077,0.00895709845859383,0.082868602744153
i457,-0.390773216779413,-0.0226972606151609,-0.971678607835142,-0.592159391019157,-0.964378298337111
i458,-0.328405101593704,-0.248678120426503,0.886344354143457,0.91599121388749,0.758670053404224
i459,-0.233160425467816,-0.324210686532246,0.234623328800395,0.952968752723148,-0.025789369576211
i460,-0.463411898958542,-0.840024680731495,0.343030489332039,0.433188739005251,0.96414529028846
i461,-0.394083009483257,-0.159311425026901,-0.187483123869005,0.549910382865695,0.161621622616541
i462,0.407556027625008,-0.525037144970495,0.420144288474968,-0.32801107691327,0.752923630050779
i463,0.865807260269389,0.0207699385198041,-0.0855032291782986,-0.0623665675106603,-0.484140196516626
i464,-0.84034188227759,0.462032311809712,-0.206502984461151,-0.772970452052892,-0.754377981687682
i465,-0.466668769263373,-0.711908070416273,0.981963959194363,0.584006146697015,-0.682363592074197
i466,0.147309226921967,0.68654446782099,-0.0610384444167701,0.741171685741682,-0.883606823126298
i467,0.630766300895029,0.861658442129275,-0.0521274332304473,-0.829975462052593,-0.583146306525046
i468,0.529374249646973,0.688275683614747,0.737208532381328,0.794471593939159,0.741234650045976
i469,0.0861794078576519,0.0160096738550746,-0.306063872678742,-0.220817982399233,0.5593600408044
i470,-0.933023713084179,0.359171744527565,-0.368584380859868,-0.121767730000643,0.886808197725685
i471,0.298783402338692,-0.0288693827531715,-0.241981340130726,-0.309302000781843,-0.829259241444561
i472,0.669651961324699,-0.10825819191999,0.756183940933498,0.639904612211063,-0.85180127332145
i473,-0.880736898590045,-0.928955034281418,0.0590828973392685,0.44526398793641,0.956714906908361
i474,-0.300429296142859,0.854630360108097,-0.0895143562475186,-0.303698430548481,0.0781588606735795
i475,-0.524163208022674,-0.916841431622786,-0.497324360785281,0.279198137538242,0.588858670868368
i476,-0.166456765463924,0.00475372374008498,0.455721181831011,0.534270251626477,-0.31664834245062
i477,-0.40863151028347,-0.169229539826702,-0.162633662307509,0.360738660699136,-0.750554226682059
i478,0.918650402245184,0.12610847496754,-0.477874167747252,-0.0496317517288809,0.0223574301261431
i479,-0.761894631732763,0.998326569399035,0.734750652472629,0.642503206985405,-0.100840275057321
i480,-0.614795724030856,0.803938253343409,-0.569076814218507,-0.817635711311272,0.860108960828721
i481,0.753111299581188,-0.972567114805766,-0.0368815315296237,-0.955405787288324,-0.669069907197843
i482,0.207240551338771,0.614977799027802,-0.751384226321521,-0.144240942841125,-0.572531799954686
i483,-0.238635207432617,0.0161139930318945,-0.253704458420808,-0.702512959689414,-0.688948734230514
i484,-0.316918047723091,-0.162063308716979,-0.282976093749642,0.636811188188775,0.920425894485098
i485,0.254128933039206,0.681544328827085,-0.45194907131882,-1,0.510275085296195
i486,0.43804770307359,0.768457735409582,-0.471478629502072,-0.779115033268662,-0.5641305252323
i487,0.435524255201028,1,0.497170963765998,-0.15981339711801,0.351042016469513
i488,0.896073358542718,-0.606811071710821,-0.726771296248509,-0.533960672123934,-0.533595403348007
i489,-0.913829234703144,0.756037330467458,0.628626747518651,0.91863848112702,-0.0515682879908399
i490,-0.183152279913479,-0.36568612925817,-0.393560409733843,-0.278286806204855,0.902183555747798
i491,-0.97385632902528,-0.116378908320166,-0.302850378706471,-0.0426600314046824,0.188737660638383
i492,0.383249737812906,0.668451408019334,0.328206502184947,-0.486266117109718,-0.696609975358732
i493,0.522572606505234,-0.228890187412026,-0.908513410610418,0.133166717302444,0.280845387626707
i494,0.0946197609119697,-0.0878963035926286,0.570405857893778,0.0031002849946169,-0.622319265577621
i495,-0.955898447258139,-0.826765640018419,0.389048022918081,0.959885644589921,-0.824465702881874
i496,-0.978348239580267,0.379196190108021,0.871158754822387,0.331526572309867,-0.542999132308579
i497,0.964314664688461,0.508577696200184,-0.863768114901194,0.709249341849421,0.0929529468069903
i498,-0.641551995783574,-0.382602098207295,0.384794804087161,0.00133348085993568,0.35364348252804
i499,0.619822806895494,-0.307369152166516,0.458945669439532,-0.155559697189059,-0.0343458631499186
i500,-0.297891079721655,0.513676749273652,0.706576318297994,-0.00559695811818095,-0.540815731482599
i501,-0.0948869285790686,0.974125714079643,0.111098394838112,0.199528037274993,-0.529774450095522
i502,-0.792237513223194,0.457426220824036,0.701906226865505,0.458460979200803,0.795811503524842
i503,0.524854249328211,-0.829501848265727,-0.895857707348526,0.378195461892886,-0.343208761579442
i504,-0.106420342080138,-0.00102595499723579,0.532890212736106,-0.00637536641728598,-0.455292151375806
i505,-0.43291184703431,0.318579496551463,0.359888431258105,0.355001279531888,0.814935253633991
i506,-0.31232300552553,0.104153387761366,0.765171767181678,0.56727069904836,-0.748921913172385
i507,-0.0540739100609439,-0.707365259933683,-0.325961375293455,-0.311546077463945,0.349637384515967
i508,-0.170759751684734,-0.461049895593074,0.0206993633799515,0.452423809686265,-0.283999442196405
i509,0.371811277792617,0.980527323938452,-0.127388782896677,-0.764948879856463,-0.285315937209193
i510,0.310632202776196,0.637027663260101,-0.626610794104478,-0.510455962701772,0.657553392919933
i511,-0.982812218805922,0.876704783904532,0.708520829510434,-0.12661678528152,0.122073049813596
i512,-0.859803690682389,-0.27922972606686,-0.899705740654701,0.160225999527881,0.303319621012349
i513,-0.098897092196245,-0.580451852124643,0.0392567109468855,-0.400148309514024,0.687802504957708
i514,0.51600613017615,0.413995361277044,-0.519089671060513,-0.138747654350438,0.20869820902057
i515,0.606136367795306,-0.261134760591326,0.818393593590574,-0.0797333339172318,-0.273197362569844
i516,0.224218651468826,-0.0674944205037805,0.0820730694280953,0.853960529485327,-0.553795121123079
i517,-0.286483975733419,0.820281151425596,-0.0229673578730175,0.321727256227625,0.269289001773775
i518,0.741461332660411,0.702756641545217,0.733874148880411,0.993959887984742,-0.422712030186674
i519,-0.533684705037708,-0.157049304337977,-0.906382225057052,0.286247140025409,0.953818139611384
i520,-0.877310874315466,0.512487928077968,-0.700058773732517,-0.92428814757396,-0.660228268767562
i521,0.4215161772041,-0.40726417825678,-0.557764469133179,0.571885802317118,0.603613440436226
i522,0.495087821296142,-0.406440049732549,0.580994990685965,-0.0738077472877164,0.867274153015262
i523,0.768924999306897,-0.391572923854281,-0.277353375152596,-0.237347372858829,-0.0202376418491123
i524,0.497470075714614,-0.949029403482409,-0.936889773360716,0.350843111426856,0.244690289525854
i525,0.871095184166175,0.83040320842684,0.678869952450369,0.436884132694758,-0.112430710405873
i526,0.0440169479043866,0.430877459702184,-0.26686078604163,-0.140351350836087,0.940921200903512
i527,0.904073258450536,-0.537646831162138,0.598631320532879,0.687667410777339,0.318603106981533
i528,0.940319602532277,0.0373261007248376,0.778844384046184,0.147899745097624,0.560870116216997
i529,0.0217893843253585,0.633620966412658,0.362080272260817,-0.597248685222824,-0.10351474631701
i530,0.663033621003467,-0.194093656366953,0.0931150627928874,-0.2428973335037,-0.690793237997495
i531,0.762010684533809,-0.559062379614802,0.808797042624425,0.791179023875132,0.0321685758837598
i532,0.837411800936992,0.501178130302089,-0.784338239623448,-0.995215183350304,0.697656307756544
i533,-0.103284682244582,0.601441173053978,0.524785006495883,0.372103277610374,0.373750936452799
i534,0.483559082285492,0.445692417406888,0.416697524081437,-0.460931142893908,-0.0596030489716987
i535,0.860420318465939,0.29163500023655,-0.344136711923811,0.659552371180802,0.0344361145591949
i536,0.594370954431195,0.585823629729558,-0.659073000794219,-0.432757309969282,-0.676685221634154
i537,0.836770364066417,0.0734422808634849,0.998991814811675,0.459701705398018,0.408426981211062
i538,-0.121891622291149,-0.344190347943876,-0.196743395134845,0.914065595512498,-0.568514442672347
i539,0.646028000480575,-1,0.510839403329045,0.69004518724386,0.373301436953219
i540,0.959721960544482,0.219469642461658,0.398715489730463,0.797949031429539,-0.735974018773022
i541,-0.278591058752262,-0.654713170381484,0.566014855968228,0.877693012212479,0.210914002946678
i542,-0.692041769198684,-0.608358067151327,0.838912253922683,0.650280451886583,0.562224706835563
i543,0.618440128905529,-0.691257587760596,-0.372951417999392,-0.313179549683762,0.183632338751322
i544,0.121588397371481,0.0600542118724909,-0.585004792594197,0.434391484461687,0.383190111894975
i545,0.912185858220635,-0.960649920337383,-0.83699252701582,0.231511651539697,-0.0825971875997069
i546,-0.0315233961212258,0.00354440287864954,0.162502462214825,0.68827714219281,-0.392116525123093
i547,-0.530416844758185,-0.908385617798514,0.0862054636676828,-0.553705674097537,0.95987643220544
i548,0.316685017608945,-0.0509924318338862,0.283639468519496,-0.365815444104246,0.937304254612882
i549,0.822444067056416,-0.671340376715278,0.189279754499174,-0.558452144664344,0.463575244931134
i550,0.197483417959577,0.20161354533516,-0.133592036446082,-0.957349128271472,0.456417494549793
i551,-0.376418137556843,0.674433177578511,-0.66445978479617,0.375113293022495,0.304169685748149
i552,-0.0266894195448736,-0.838119638548456,0.544784965010898,-0.444976591305768,-0.818238078988404
i553,-0.216617911294366,-0.544829605723098,0.968157616212384,0.93314542291805,0.0941396795170106
i554,-0.846537083562482,-0.511888638336493,-0.697018074495835,-0.451221261092054,0.702592998629074
i555,0.137540004512843,-0.266856664734643,0.667067468340265,0.302896120323156,-0.559481658806864
i556,0.722133654911269,-0.122832475178158,0.783105858835291,0.0244938374987187,0.659711385728375
i557,0.0680216077157223,-0.767048699597565,-0.843923856362022,0.141288364761193,-0.566023102029266
i558,-0.427684859148316,-0.127482961815607,-0.0781082322394729,-0.981347422152238,0.00142738880593707
i559,0.757945061665686,0.399367967449564,0.484420195437698,0.705900023161652,-0.354641556698026
i560,0.556274108129998,0.149015190289652,0.472886881676795,0.796877099661927,-0.256873747542398
i561,0.511136978647884,-0.252993629597512,0.646673597052002,-0.0509310388191915,0.876281176083252
i562,0.155038251782202,0.36488852831092,0.0642051293134864,-0.66995359153079,-0.947175170328228
i563,0.0855355702963663,0.412708279486801,0.122820993663434,-0.157246556956145,0.441379844541565
i564,-0.425340504664557,-0.734061638451774,-0.299756946212255,0.746912479963615,-0.186699454617423
i565,0.0595250696414404,-0.061312360686167,0.105127474013969,0.312494797635121,0.201088787215678
i566,0.971918873224967,0.887718539571863,0.807422367316492,0.927591642033977,-0.276066111599922
i567,-0.048217526410306,0.195414537982119,0.477544387915683,-0.214381534832179,0.729014281829156
i568,0.339137617720729,0.213514489607,0.679562428792201,-0.174826627639497,0.711046684577781
i569,-0.0702177802780006,0.589725556031768,0.687829509031033,0.555326500755519,0.121035840457132
i570,0.464764702722383,-0.508456273374285,-0.919911238147375,0.816232407140121,-0.921494880161763
i571,-0.623472847970335,0.448022862429631,0.836432504547872,0.34199145558207,0.101175083712724
i572,-0.544918976850096,-0.395634240542712,-0.798579626265627,-0.639264302202762,0.65465812873448
i573,-0.824208879968579,0.197045860157017,0.71797134728629,0.661967039864541,0.154145360717595
i574,0.393145383256486,0.315074160808926,0.0336974606082985,-0.481872151204804,-0.536752689575504
i575,0.685185244364661,-0.141539486577415,-0.969238559873465,-0.542161257294526,-0.291365205104794
i576,0.539103670437121,-0.506490174397993,-0.734899396702461,0.418273680649363,-0.859358879507674
i577,0.456897102630489,0.881488105161839,0.179531165942745,-0.392101676076412,-0.193857973011555
i578,-0.802293750112596,-0.0382889815273819,0.450275445163638,0.944245742442582,-0.435347306566279
i579,0.016139614043952,0.12211602644215,-0.911204531422522,0.742961652235069,-0.428784195140033
i580,0.667515131696074,0.318229073225116,-0.629694498759908,0.220275469701901,-0.005129631168591
i581,0.659244694146064,0.389006637118692,-0.521433285805021,0.785395448920335,-0.807727466483617
i582,-0.269798385329917,-0.0652543324538698,0.440856607054622,-0.39696427609814,-0.868357978114854
i583,-0.486005397694075,-0.64752045684097,0.563162448076847,0.237801865125452,0.641464416444335
i584,-0.778808526594744,0.448906130611292,0.16563192031871,0.25938000506872,-0.853341063740356
i585,0.350416337501936,0.846410049574789,0.763273253946913,0.583218415204335,-0.358836540093193
i586,0.0753750425771134,-0.22007275740845,-0.124538738519491,0.145748504478591,0.584129677734823
i587,-0.975388943689483,0.323925406178759,0.971676654623964,0.204571819624273,-0.0405282927201646
i588,-0.203907679201127,0.788926122343609,-0.482483886497615,0.622390238064377,0.846463752756072
i589,-0.139584653212047,0.0125997320761437,0.391594727156908,0.774563337071111,0.124770328508446
i590,0.53222213492555,0.305487764437818,0.185931720275106,0.289368017009819,-0.07882200279402
i591,0.635727987930421,-0.0106100663142406,-0.444941417609965,-0.886715597698056,-0.138159294863485
i592,0.126213835218677,-0.779467648541254,-0.44712870098172,0.890356401335823,-0.866685387785603
i593,-0.741200829870837,-0.769700447129597,0.375022215473346,-0.0849427586246096,0.432926888703185
i594,0.140790297754529,-0.782986438641725,0.637905262139355,0.610651821724593,0.439516484857712
i595,0.420049007501383,-0.0431334212998843,-0.828377340056569,-0.269335058270307,0.491233150126122
i596,-0.177516633530597,0.892743555462242,-0.258331484131112,-0.172324660380369,0.398406911292341
i597,-0.628033446491033,0.314326037286094,0.632439915337802,0.583734125189149,-0.429952607573016
i598,-0.501525577832566,0.860256266525443,0.931055883014833,0.892245026540726,-0.986892914896979
i599,0.977773221796714,-0.871830892671849,0.994540896748427,0.994627429690851,-0.244080936859129
i600,-0.0650260548720628,-0.369841278439652,-0.174808014788772,0.501104665057558,0.813989219456686
i601,0.626976536400923,0.919255597471117,-0.160814583408362,0.27519078418627,0.497863667137977
i602,0.16672536882693,-0.980761989825448,-0.309120074467995,-0.401156827254184,-0.363249668522893
i603,0.607800165323862,-0.661872953424912,-0.120557107691796,-0.754493231927868,-0.620029066312675
i604,0.889747496690536,0.566580403855627,0.562410978278066,0.917660687608376,-0.658262511832116
i605,0.26497284711609,0.707034868519033,0.521957225044496,0.662790486896234,-0.840610205599907
i606,0.218425146082271,0.268153321863084,0.989443432035845,0.863120601634775,-0.0702598764071862
i607,0.250250758541708,0.0843853957776322,-0.590717689077054,-0.2246369323764,-0.404475538452285
i608,-0.89255888690864,0.904148848059342,-0.249946755722454,-0.0830665314613173,-0.49759602507051
i609,0.857938943988086,0.534930350503364,0.427377654174614,0.47234396589284,-0.703540435260675
i610,0.772752835782272,0.467195595234616,-0.661586051232765,0.777824661648676,-0.0102676819044584
i611,0.360150407014685,0.540456152819962,-0.345109184867563,0.943257753138847,0.464515475539117
i612,-0.406248486830694,0.765577987214487,0.63483666678789,0.442273282203033,-0.15792669273562
i613,-0.334279386649486,0.94599383834603,-0.184389010045161,0.224494802383377,-0.678113008995381
i614,-0.864412492354245,0.973009562369246,-0.330027107242902,0.698720176887274,-0.71241074590683
i615,0.0130351189686502,0.834843195297807,-0.109814148745064,-0.264794994397016,0.835386717191628
i616,0.18423777610303,-0.427090711687596,-0.289130203694104,0.811606311024288,-0.238512797058484
i617,0.424282215710985,-0.880369536998696,-0.832967154534864,0.5966404751474,-0.666108302623081
i618,-1,0.676579873796951,-0.0231491131883221,0.828615454972456,0.749147091861544
i619,-0.692900917379867,-0.642810344540834,-0.455028254613,-0.16249281082799,0.621355992218154
i620,-0.0893440819373749,-0.926234450459221,0.130350556571412,-0.832735058717845,0.474723773366894
i621,-0.295538539783576,0.599349777109357,-0.22747325919113,0.824166177896174,0.0302991077612857
i622,0.886960080584852,0.14184420684011,0.227667844997947,0.209542663030921,-0.132977753646073
i623,0.839749648750502,-0.333324713375869,-0.184961063812002,0.491643354923035,0.726607297212968
i624,0.894272764319553,0.215674817029467,0.290597107617719,0.138348657850715,-0.627514764351727
i625,-0.63284849219328,0.734122362660659,-0.381001196777375,0.989578376467749,0.873617083374965
i626,-0.714850944778303,0.32965804067437,-0.420184774025081,-0.648440827417549,0.644581929860221
i627,0.101799493909225,-0.100274970030788,-0.167964511421823,0.427496456406761,0.389378573001281
i628,0.139006360583684,0.159506321496444,0.100573687782598,-0.64638820136222,-0.0134304317665863
i629,0.368649935316215,-0.632242073525766,-0.742816795326421,-0.809108003545839,0.787686888201663
i630,-0.411903607206657,-0.53511197074592,-0.732612659990017,0.261333790577286,0.971983358877503
i631,-0.244412050697986,-0.589499138471585,-0.530464630408713,0.0746991492679818,-0.941011671348596
i632,-0.351347909296788,-0.496450131852606,-0.772007642791861,0.53966856293331,0.653329824740097
i633,-0.765833225265436,0.900330005162008,-0.0720187595129682,-0.887808579201566,0.33274991888825
i634,-0.842575788707837,0.32694825511116,-0.614142129289004,-0.902681947910381,-0.0547560896424503
i635,0.0600152040155553,0.691173863955187,0.372760801787533,0.143635641536175,0.173409989535161
i636,-0.387024282389437,-0.162332530094138,0.0841171604129942,0.51234557351931,0.611315694886923
i637,0.975316607005781,-0.659996310541046,0.0263336070931004,-0.615207292899774,0.289044353000655
i638,0.412328589309467,0.530510225405152,0.90445097069766,0.0384869058190285,0.595260619261482
i639,0.103402450280118,0.760164352579579,0.265103139561846,0.130371008971728,-0.882642021124909
i640,0.402957936331442,-0.260129296763299,0.445538859507605,0.200819215694887,-0.161554377090074
i641,0.93804712703161,-0.644669468537555,-0.18159081699181,-0.911514667837167,-0.0963220147064178
i642,-0.181361493544937,0.995903335767115,0.738740819398062,0.140785195507839,0.34597403129065
i643,0.812447964585974,0.932599362535761,0.888225967953275,0.41715625242149,0.292577161434659
i644,0.760590469875627,-0.68031232810511,0.623864080398578,0.0186189372830925,0.781420849085038
i645,0.649736010734399,0.858180822491502,0.539035560011518,0.466912052961427,0.238546123136061
i646,-0.912874087057505,-0.0919256684957499,-0.86656751562835,0.859069369187373,0.251139469852307
i647,-0.307699178175354,-0.551367164774791,0.824812993565501,0.795906769123796,0.7613432693407
i648,-0.437464975591625,-0.718701881635796,0.31212152548531,0.665497540372232,0.548196907319238
i649,0.22193046941542,-0.489271323174085,0.911983910339418,0.717154897414813,0.512134807001177
i650,-0.751218751477808,0.157863783805379,0.0916174171048509,-0.0649852181754542,-0.763379638663019
i651,-0.274342402520066,-0.845071518229536,-0.385577058239958,-0.28087096272384,-0.570955928339703
i652,0.698820226135213,0.261388701038167,-0.812830088637245,-0.821078994017356,-0.761260225976138
i653,-0.53954599423742,-0.941711784721541,-0.189717672000902,-0.643078122873038,0.679850999504952
i654,-0.942673024027363,-0.0359938758626714,-0.261094615309522,0.347928495310728,-0.176234247597374
i655,1,-0.332367555279119,0.721461898652703,0.17272592016056,-0.0433580365324301
i656,0.170631290759113,0.907859607191282,0.970677397412677,0.340913063035492,-0.845721065520826
i657,-0.560664814887427,-0.375678477063235,-0.881625173682385,-0.106788902318056,-0.955068746856708
i658,-0.142306123111845,-0.0812262214982089,-0.281982130322437,0.606357443170285,0.930508885643416
i659,0.441760539628859,0.364568432054569,1,0.0745612588663094,-0.670697168101941
i660,0.0890956886826757,-0.187854957581357,-0.200565376931354,0.809694526790411,0.891495341647073
i661,-0.140570210011131,-0.720824166537811,-0.23593035358699,-0.826766703864749,-0.500940977364345
i662,0.169431383356344,-0.812638729931163,-0.777453092702129,0.263172764794095,-0.841949162942966
i663,-0.674623550442311,-0.371423052954394,0.168377678270613,0.639714091415449,0.364610267410015
i664,0.590498662330375,0.684220413030242,-0.690929440015965,-0.362853727305916,-0.819722637694947
i665,0.612477247344974,0.297458612661833,-0.245610820222142,0.0396845926684921,-0.874501129628492
i666,-0.0385122666904441,-0.585963814178776,0.891573110041578,0.754315060205067,0.405139919265988
i667,0.475271446143286,0.971433076959714,0.416286991312432,0.0331372562226302,-0.994840337925919
i668,-0.224866055262728,-0.0694484498077087,-0.507281793027406,0.611452553355691,-0.671295772870901
i669,0.414935518793635,0.707897400981174,0.494561022104704,0.15380925544926,-0.397098536798324
i670,-0.721513050415645,0.13872968359788,-0.335995148544346,0.786456007421814,-0.301203488623313
i671,-0.00559294331072691,-0.946322449898951,-0.255073186234569,-0.117299868195942,0.425405623840392
i672,0.291780897462508,-0.991399880771613,-0.0416558887675189,-0.783971760291372,0.169257565091681
i673,-0.732256227984901,0.626501291662645,-0.592071535566201,0.873386996080355,0.0689395289028194
i674,-0.88535756268955,-0.0406396325872218,-0.427406045635067,-0.167629348582137,0.181215355848008
i675,-0.350351241570023,-0.411295070298784,-0.41457261473145,0.017242778681215,-0.989496441229252
i676,-0.127093702121208,0.74578749790812,-0.170013444966618,0.383811554331129,-0.238922381182534
i677,0.47778880547473,0.35197328602488,-0.0752575647832379,-0.891026526699626,0.117481097080446
i678,-0.759285494554058,-0.423489910617487,0.879002611904876,0.00276198002721695,-0.812500198920138
i679,0.783865577264942,0.331222375157663,0.686769266227958,0.607957817243767,-0.399460380916468
i680,-0.60967477996916,-0.482949276948183,-0.422087986856584,-0.983791318957727,0.206663326825399
i681,-0.264498098714678,-0.645472797816859,0.923895772376228,-0.0603865627408153,-0.991779243950781
i682,-0.186049435146708,-0.225264623725133,0.450631033608886,-0.474132977790731,-0.945009773982909
i683,0.927216261218278,0.131791016221069,0.745118494229882,0.315538137425444,-0.182770842289012
i684,-0.684423412240072,0.851984189179238,0.0371562192070096,0.562579111205487,-0.656165717700988
i685,0.72785415496086,0.54767368854809,0.834872860071382,-0.149986591881339,-0.332696583622345
i686,0.0644277724983569,-0.698947646081895,0.93455422842493,0.0301983075645273,-0.406420920152432
i687,-0.382255052422555,-0.99421180414687,0.350669639130283,0.396326623807743,-0.324413261563456
i688,0.775509423200081,-0.742222412517828,-0.856597093111849,0.677367572310188,0.192859862929629
i689,0.0518645590408637,0.827997211085958,0.960115641582201,0.0597488912877424,0.107591176628105
i690,-0.0904104619672413,0.394476919099466,-0.410645887807457,0.840577642829362,0.597228563470596
i691,0.58578070341934,-0.768281433905453,0.918829361177428,0.856158900764354,-0.198492837445712
i692,-0.299972598427723,0.936674633779436,0.227230682749885,0.21633017733826,0.514397559154771
i693,0.925851936467164,-0.75475697877195,-0.998195638302281,0.835382589248678,0.316852668723075
i694,0.0810953309583864,0.0261663575321305,0.773250196197222,0.805785644180986,0.128506975393031
i695,0.502466157777721,-0.242763108033822,0.715380614617479,0.626509379431436,0.701356365682504
i696,0.323964262551563,-0.00413155418020794,-0.312529423538904,0.992843610083359,-0.0888805643682024
i697,-0.638668086674874,-0.878807250460053,-0.789650455093987,0.800549220554753,0.178004520864055
i698,0.647522310741054,-0.341114516270143,0.252679624748795,-0.28725520604507,0.554951477009311
i699,0.701754764905586,-0.48199710263658,-0.221163548394668,0.575397922195535,0.111233360276786
i700,-0.923575429407429,-0.514295240749215,0.87211368007741,0.110183013588274,0.979294106171872
i701,0.186258823526254,0.912679832829312,0.782523581609987,0.420042487963394,-0.787065657610282
i702,-0.481344476578987,-0.933003597473856,0.244840651313087,0.482045262470914,-0.345751481105895
i703,0.467575725998106,0.815822987382565,0.800470816532479,0.255054046136811,-0.182046650567603
i704,-0.0377613980775872,-0.22813954160068,-0.578335025003477,0.193830548375149,-0.00349916328306066
i705,0.553011678239692,0.367215930741414,-0.484504623186608,-0.522769955449672,-0.527260211831172
i706,0.0250918833400848,0.925108394357359,-0.18214019552515,-0.462818209076822,-0.297529086042805
i707,0.152875710395886,-0.822080698860196,-0.809262588470715,0.625817012170458,-0.523620934428597
i708,-0.612684994090416,0.428375334097375,0.181917374257219,0.156998858128669,-0.957408366500287
i709,-0.289722203803453,-0.113420326697233,-0.402986576936859,-0.410719576516839,-0.97174372704675
i710,-0.43109401186518,-0.776964422417159,0.575478866171435,-0.424930761876581,0.582176375844063
i711,0.675290091721878,0.025835850180747,0.277667980523582,-0.543395090749251,-0.968878295294725
i712,0.929912835908957,-0.0208760797451991,-0.625007703743414,-0.0212619042978295,0.834002293767598
i713,0.212247440521289,0.774102608824285,-0.442099355466839,0.107352242746972,-0.589380253549716
i714,0.750222527669965,0.361096119116088,-0.715021384689914,-0.836489619944373,0.231745009235549
i715,0.948062234069975,-0.453861411922985,0.129813728812944,-0.66211257055801,0.0797316637980252
i716,0.255676421814091,0.354521413176142,-0.693365075425471,-0.0110444567599797,0.413130859677101
i717,0.566460363254615,0.333696482766401,0.729139393469552,0.0529976769203988,-0.235704150051435
i718,-0.222539256953168,0.79784500767035,0.031607483707482,-0.0128328304515313,0.528443697269842
i719,-0.0542697506417478,0.777388682994257,0.71495053046238,0.453788912045539,0.0466081535311191
i720,-0.883083451731371,-0.318286381596267,-0.517103539742347,-0.681631067908165,0.546823276651674
i721,0.571415394556406,-0.0822858851426391,0.518481857847692,-0.180106368950055,-0.220665330049885
i722,-0.324013395010376,0.649609085937265,-0.0806190159728952,0.392522275351764,0.871177972958895
i723,0.671008843601142,0.840033154782155,0.422824679507036,0.557978643836028,0.826500620531172
i724,0.969427192733261,0.751815891241234,-0.617260094372434,0.264317479798407,0.126061915026392
i725,-0.0479856149712306,0.0476635422874465,0.996279167516793,0.142589549500122,0.0771749359626943
i726,-0.314496005078899,0.227740661819839,0.0140811547368531,0.947461486635555,-0.632702300838619
i727,-0.899389611110672,0.844296431917403,0.0720569929163921,0.0233625932075794,0.231596746645646
i728,0.819454575639729,-0.669169343471573,-0.460609787997728,-0.439471387162031,0.458372126531557
i729,0.384651387690944,-0.20729224996007,-0.238562705299007,-0.590060462986476,0.755089350910186
i730,-0.144973709775052,-0.497901542290283,-0.0029258641705715,-0.565830922488019,-0.00125090862178578
i731,0.922594034055328,0.695280874022195,0.00729138002479512,-0.131039616340277,0.51635933146169
i732,0.41327712457885,-0.865091386133682,-0.0910822421757134,0.117288216544267,-0.626526723305626
i733,0.278219472241369,-0.438762736457795,-0.676961496833071,0.848117909797258,-0.96028584580028
i734,0.00185967507717044,0.169879234233768,-0.567533842773629,-0.374574709248727,-0.732848347530188
i735,0.716918319306366,0.290437087585212,0.289195951455704,-0.465648993751422,0.7244158085657
i736,-0.893907064135871,-0.118547034639041,0.206606443039356,0.218133451735801,0.608315687767056
i737,-0.0757141256352003,-0.500352720394191,-0.620482769433367,-0.556030325265636,-0.608100017886021
i738,-0.401011009464951,-0.111773193336703,0.751250282130334,0.737913555328979,-0.647459181152841
i739,-0.650034862365586,-0.183637019080971,0.0478659531231427,0.951391915237979,0.368573847006325
i740,-0.7347034336353,-0.814150436330925,0.955644998643475,-0.00319430565124035,-0.136510642945517
i741,0.781602231499083,-0.736645051032952,-0.428767793341051,-0.991684363863945,0.893614085944833
i742,-0.872927451709494,0.272376824788644,0.913865513459781,0.083850442002122,0.00672237589699942
i743,0.897004792026451,0.348869918835498,0.212807213085779,0.0828330576724141,-0.129345827697979
i744,0.376085351088048,0.719060775437023,0.580440240344922,0.286837163005778,-0.602547236453414
i745,-0.969241697283358,0.0481733779916886,-0.863155995399036,-0.209502412369999,-0.264198906852962
i746,-0.995044890495204,-0.367434684209545,0.173856314783441,0.5361187404178,-0.0631868891264287
i747,0.682448801340698,-0.657463230476221,0.809317458295503,0.127170245190134,-0.716925779945786
i748,-0.0803295826544564,-0.900253998750288,-0.00657414834825576,-0.195436611810562,0.966085061572124
i749,0.653279202536739,-0.548797288790157,0.0606241304312072,0.012308443210419,-0.0667690643925456
i750,-0.607117477495631,-0.233998718696719,0.621574432947752,-0.225923712235271,0.624025035668217
i751,0.582307920152033,0.189934668465647,0.310062579788237,-0.518509364341881,0.642727472206761
i752,-0.543650887144222,0.193980101700848,-0.104836196582839,0.553737852773496,-0.512556104591875
i753,0.995214105686796,0.609283812185711,0.119689546348414,0.518141860324512,0.295388187884463
i754,0.853463200656732,0.244877446321905,0.494796696903743,0.11760324481712,-0.437578975062404
i755,0.0706827252218725,-0.778995692830785,0.00282637761017757,0.210030316543139,-0.737210223333785
i756,0.810754567004413,0.326137132038276,-0.747144370672945,0.167273491293072,-0.121798665596925
i757,0.233606237859355,-0.857939336189127,-0.465242998693851,0.213299860653669,-0.857156291514985
i758,0.518679081134418,-0.235733717820998,0.863934857684684,0.78856599053238,-0.776133023113951
i759,0.0963436100726272,-0.414983267801967,0.166585870050247,0.603150658617831,0.0968096865951151
i760,-0.660611875098507,0.535927476430761,0.0812272455462386,0.420426501033108,-0.552075847220344
i761,0.793698081911601,-0.868942104234737,0.893596700874665,0.474094059390674,-0.947568350342016
i762,0.00362358076320124,0.57469455236811,-0.48917076917223,-0.716845650842628,0.992751022186455
i763,0.99876364120962,-0.519694641478387,0.834773694911595,0.982819419152874,0.503080761292137
i764,-0.271869438185146,-0.546612759599313,0.117395121798151,0.480836060724948,0.969963310411465
i765,-0.636692702501325,-0.977585132064306,0.482142707211578,0.641154008681619,0.911438538754509
i766,0.433136473804669,-0.729644610377175,0.377789955581839,0.104354977941675,-0.0071261745055996
i767,-0.397609427324481,-0.576525387417925,-0.707150833558554,-0.882628481096395,0.983672288189848
i768,-0.782168032644568,-0.568145902454593,0.954114953591845,0.570244165643873,0.708010690528416
i769,0.746350526567992,0.815062613504459,-0.179563650311123,0.878314234870566,-0.319327348533431
i770,0.352718593707756,-0.456214433857808,-0.830521353742239,0.729052630178871,0.91328647426151
i771,0.861377630944804,-0.81006663881073,-0.768077328895051,0.381556648790932,-0.76751664987308
i772,-0.195462829896909,0.623831916916634,0.952269139467879,0.787692494032255,-0.755976678220793
i773,0.601777675513672,0.38219289470823,0.138560603329388,0.368610686882869,-0.998338675275127
i774,0.577522272457032,0.281505771605616,-0.067139974849845,-0.80457807948638,-0.337919274694475
i775,-0.305119239650818,-0.29205746114066,0.288167504740695,0.0958921375910968,-0.205854827240339
i776,0.816910894497623,0.437522963476844,-0.556815942417111,-0.0940488766971258,-0.745881113799683
i777,-0.453317017589967,-0.541482393929182,0.404434915233311,0.334349735408353,0.419355645222427
i778,-0.704814364570367,-0.361972339212846,-0.500158868697828,-0.141924810366656,0.919917711529014
i779,-0.104227202478994,-0.251129335015024,0.262839494456079,-0.461911583057871,-0.295950410184651
i780,-0.564272884029792,-0.56126060829145,0.939153523776978,0.267972194270985,0.591276103418691
i781,-0.998106316602661,0.405392224020962,0.461037592397658,-0.0737508606713303,0.36242925743096
i782,0.190907376994061,0.521018007217666,0.947503093883252,0.499516712500554,-0.778827506344988
i783,0.285651431648251,-0.983459298446636,0.541603412537879,0.181275648539421,0.450190271725633
i784,0.282432075205821,-0.256770624633925,0.0430608913417667,-0.412697529408598,0.770721821585381
i785,0.325880006931463,-0.524331166745527,-0.139897522665113,0.669653419121705,-1
i786,0.673985899462087,0.856183414446374,0.27175161369203,0.850594330415159,-0.798302761881438
i787,-0.929762095420754,0.588011436462672,-0.380662909047802,-0.487177154366632,-0.203853926424306
i788,0.328253794911235,-0.197240867658432,-0.146292190791202,-0.42655352376165,0.855197066293717
i789,0.0988500840157258,0.42998272168372,0.337347141432259,0.913030878616804,1
i790,0.348681666419333,0.45911739539988,0.655116736427947,0.446843042290777,-0.649817491507417
i791,0.755654138019148,0.247922749556697,-0.361119916637416,0.439659242511273,-0.644859353047373
i792,-0.497365654812056,0.941080656477693,0.315428963813817,0.222973922347646,-0.789747590717875
i793,-0.873359434910883,0.617964025020374,-0.021945176300659,-0.268374114928866,0.223243983160292
i794,-0.394751479363325,0.134969158870263,-0.672452490446942,0.251734459039964,-0.107720238277511
i795,0.540616037345045,-0.820384891604415,-0.387560764306416,-0.00214817900507824,-0.445723492785487
i796,-0.0151566544328315,0.785656905853531,0.513157536661363,0.299339102392289,-0.578761327989499
i797,-0.14640019585654,-0.502825648819665,0.758271238963114,0.767358435846721,-0.606514553833676
i798,-0.697385496378781,-0.0156798920208711,0.369531516830741,-0.346741731246884,0.774720831169811
i799,-0.503064978709931,-0.338063306109134,0.666022215128158,0.0931596982116856,0.285050407162692
i800,0.33771131086534,0.572761067293696,0.908645340337751,-0.123473935298182,0.263622761693817
i801,0.6028439422645,0.646971913259355,0.260560415394102,-0.550093035235975,0.329060763361805
i802,0.38735735664281,0.647460448424213,0.000137142928556377,0.582032953450114,-0.642626688606768
i803,0.109748731940343,0.772661421356895,0.115393999322695,-0.436117804013927,0.273213502316487
i804,0.980807450218966,-0.835323433059408,0.979493830734005,0.888860646536421,0.756164432871464
i805,-0.0962965267616781,0.38551461733834,0.251668998154033,0.406041787818775,-0.637154004641997
i806,-0.0217903398234501,0.0559790983132096,0.719140430762535,0.269243044489565,0.30606335469939
i807,-0.480567960519782,-0.315013280234898,-0.0464913813052251,0.291069718926262,0.777699425366425
i808,0.274408246206654,0.238113513952484,-0.953460685944613,0.793763643766124,-0.453472784105021
i809,-0.221133854938133,-0.269332909459114,-0.504625345330323,-0.660806217369004,0.196694793278833
i810,-0.422354003209906,-0.582815854049665,0.0990406665305457,0.338437683535491,0.0242805324614257
i811,0.177183288467776,-0.485071912661923,-0.781328016824977,-0.248127234571775,0.676819524612442
i812,0.54964971812394,-0.809325370863787,-0.0837809299890445,0.390249063740687,-0.897280552890929
i813,0.924693214352841,-0.695133208809886,-0.635787836795782,-0.405243804936649,0.488893244461833
i814,0.506372598768314,-0.349173758521111,-0.340314089665792,0.293676459754977,0.132295094023174
i815,0.16086682647278,0.25436457826482,-0.764131349517501,-0.293154746988681,-0.0778764101377313
i816,-0.114812091225386,-0.686178458913056,-0.171570459475296,0.842316704461541,0.576685680003725
i817,-0.725839379211534,-0.874751406693546,0.447833330664406,-0.2350116917552,-0.141444743867426
i818,-0.6252108051541,-0.987237229374474,0.551303930272053,0.36393967926654,-0.228160352068983
i819,0.378385336534601,0.604394715380097,0.868599712051094,0.496598039711139,0.335103758640846
i820,0.891394599695328,0.418602188072474,0.524807520722491,-0.0174858237881399,-0.149461126609552
i821,0.231479860423579,-0.751144943627134,-0.322288913275517,0.366259638110484,-0.636635742507623
i822,0.74879232064376,0.489197835159509,0.779544651687839,0.599981402046832,-0.894358085497224
i823,-0.618210414044582,-0.675973179101967,0.0453738904428829,0.451379658034321,-0.462202545513548
i824,0.335901250331725,-0.75289572493358,-0.468558540956422,-0.631361683620944,0.831335631461805
i825,-0.389890145684474,0.41584983014225,-0.649840581768877,-0.767502668967192,0.973866361490225
i826,-0.95166350438083,-0.704314490684811,-0.903074580103342,0.650024267738543,0.0184323752437103
i827,0.61413251359742,-0.882717265556672,-0.644716153162818,0.9602962468681,-0.706122408902112
i828,-0.164512557640394,-0.725807383045136,0.865228876753819,0.491938986567486,0.0591973968985335
i829,-0.837726299049548,-0.970009555504785,-0.76535727805168,0.83273766169569,0.989340095349473
i830,0.845427137263997,-0.624355967589197,0.682473770973592,0.205267945467458,0.540930128794588
i831,-0.252129639838212,-0.86278839517994,-0.684004482062872,-0.0920195784258181,0.940149039177951
i832,0.122667480728851,-0.924140805449756,0.727321491520186,0.681086835115879,0.886004227689209
i833,-0.569215952475514,-0.364385457343462,0.193426501540826,0.190123843045913,-0.501643153454237
i834,0.271359943041221,0.081896996883819,-0.601261727995973,0.567422334834515,-0.80725987547853
i835,-0.286253627514847,-0.150052091937917,0.617016735195806,0.655960550690557,-0.113909717497731
i836,-0.0633611331869627,0.994982160539933,0.59645114825627,0.947144875100581,-0.726711435414502
i837,-0.228840431783292,-0.0627305973450295,-0.794493218036221,0.462140401603676,0.521320987958142
i838,-0.353732516266769,-0.690759542617654,-0.642704201643079,0.362314747649481,-0.247856085570366
i839,-0.496028241255235,0.608538773676167,0.199686624663641,0.93541390760367,-0.0486620377748549
i840,0.499723198358277,0.531880970662373,-0.342592092287603,-0.178585097802568,-0.586726514775543
i841,-0.567107493598272,-0.831964623851317,-0.469697398539657,-0.896215226875294,0.48135692996543
i842,0.910397958581092,-0.00213539419633413,0.602374341690073,-0.377874332471262,-0.574373107922817
i843,0.829531367598592,-0.402393749057324,0.237897954616349,-0.382731518691676,0.552642339993115
i844,-0.477876609994236,-0.130483706653651,0.379086861345338,-0.0384457316204265,-0.48531163009546
i845,-0.599257879885164,-0.0792443209623744,0.406775300921355,-0.570914126754085,0.246122396213721
i846,-0.530764755619759,0.758087100510634,0.879711124618784,0.504301219163108,-0.253456632027829
i847,-0.551765441516437,0.480840067038423,-0.747763059336343,-0.526499508470328,0.447337056159022
i848,-0.573079936526875,-0.974087465471384,0.208250633977994,0.570634302206917,-0.758648899377386
i849,-0.179309572188956,-0.949735733430424,-0.0482586566259426,0.759235628689776,-0.629771080383463
i850,0.624934786614184,-0.534480328300245,0.0492906216048463,0.227272291657119,-0.592114433729748
i851,0.198950583282883,0.26304403323351,-0.538266131380538,-0.339040267181845,-0.221629811940415
i852,-0.655366893910255,0.850789515523003,0.502558725525621,-0.479565607755165,-0.128282912804031
i853,0.586923696927985,-0.319931589047329,-0.484947351284828,-0.935832455028809,-0.526113133630097
i854,0.95875389265129,-0.0462835392678018,-0.600144135380209,0.763528665141803,0.359898761931214
i855,-0.735436763051214,-0.80510344318776,0.761766763139623,0.115519169356558,0.917935710475255
i856,0.679400060107177,0.4860036098838,-0.41166044835577,0.971018568515298,-0.0764437681157494
i857,-0.575181913356893,0.496665935079589,-0.488221817799866,-0.738525339758124,0.62340844808099
i858,-0.199941896228493,0.622899607619543,-0.155394230620127,0.0288840034030406,0.612063885804406
i859,-0.379148307000849,0.899376344329978,0.642056715205271,-0.262448070346506,0.996151430798869
i860,-0.159218981488587,-0.904873896081821,0.961971616678014,0.577858612149613,-0.550150044216631
i861,-0.364009809372399,0.642728260399716,0.255547004831351,0.845876399761641,-0.278839021248535
i862,-0.820493020310788,-0.00687749688317763,0.313154431321057,-0.290190327830805,0.539608926856861
i863,0.30503015413369,-0.450442129991924,-0.333220715736174,0.8363117211425,0.524163595328776
i864,-0.907618120800763,-0.91030403903895,-0.0784021874984178,-0.750089204465124,0.932949830086468
i865,-0.644279661578658,0.630561784773547,-0.717480556880123,-0.929014968769707,0.163906142556586
i866,-0.0127494571453259,0.799773335593413,-0.593060721039568,0.818322191251579,0.226221366703367
i867,-0.473215961103505,0.606652808249506,0.740266681670539,0.875998632304966,-0.213037775389335
i868,-0.188530865692359,0.713948425612757,0.165199964645879,0.170808166043975,-0.260136575731303
i869,0.152102590766272,-0.287685142228435,-0.371248142234149,-0.877361658306673,0.218679651264038
i870,-0.910973631407274,-0.616247931362984,0.664493556190735,0.788950442127881,0.0876484425105744
i871,0.738991089717178,-0.201007512682612,0.222800304846664,0.71830897399314,0.0196716137605677
i872,0.691991691162238,-0.50320974889878,0.843784052474562,0.11976371341954,0.322288172180604
i873,-0.844448545535442,-0.953984730160473,0.785674984094156,-0.0881683510010871,-0.932663776802196
i874,-0.682200180307913,-0.400419991773068,-0.501586104280167,-0.841292945020022,-0.603607118700849
i875,-0.967445345203082,-0.521901060120781,0.928230324259985,0.261826517581345,0.880775212171237
i876,0.129694656012985,-0.595546892141917,-0.131012525802739,0.487665266602488,0.190117214044625
i877,0.390596895102756,-0.282085188833026,0.789228746637672,0.00678508032627456,-0.974940908474835
i878,0.480724566235681,0.128846692054213,-0.103143819296206,-0.0310633731650918,-0.365678953174611
i879,-0.619537376680147,-0.745674325636897,0.159926495434183,0.679658400934448,-0.917488473769885
i880,0.916518899115122,-0.613397797921533,-0.979324609908274,-0.970109693284307,0.604544273601154
i881,-0.045314037569977,0.0226842627097712,0.464542938230647,-0.491600071128893,0.416992295751479
i882,-0.888348142549831,-0.129567906970384,-0.198847143036422,-0.705711269840839,0.105844814500041
i883,-0.678890981606893,0.517618958454979,-0.749518801072595,-0.930533761164963,0.199107731661993
i884,-0.342096129398209,-0.385080811589294,0.183579160131861,-0.437678174767065,-0.556976367200293
i885,0.723757348705463,0.655508886802263,-0.593867393246733,0.807519326766205,-0.106480030901089
i886,-0.920954346498264,0.824227218616231,0.899817438665312,0.282794333479659,0.070848441411812
i887,-0.32066878677265,0.593177205981542,0.395232665446008,0.976471164103234,0.672468706032378
i888,0.244338736503654,-0.327927892567228,-0.458748628723109,-0.725571710072439,0.338204961141082
i889,0.628827826529168,0.492363012556088,0.508018380432789,-0.0720385289222457,0.0142441368334973
i890,-0.91531847897916,-0.929774398728914,0.321553962657927,-0.280897277646029,0.705746353534857
i891,0.547756330693899,0.284415378397205,-0.439729900166816,0.315864412999303,0.0173460776655199
i892,-0.903761040445909,-0.77484056909116,0.0701912135294607,0.771059091133345,-0.402647228474448
i893,-0.436259594658222,-0.89610766264858,-0.868569213885915,-0.428903219772258,0.46864301060622
i894,-0.484519581563594,-0.891904665155735,0.363609998243026,-0.477105933794742,0.944077436586941
i895,0.813439965450541,-0.943793988220349,0.86231360802353,0.272596403817372,-0.187230235935423
i896,0.178786463482543,0.926019028673668,-0.094142884846859,-0.614753028079953,-0.490690901986938
i897,-0.00934928337461816,0.0984757975670103,-0.259659520834544,0.508513549305583,-0.477129863324786
i898,0.443833212002234,0.570542149966263,0.848418320103667,0.831006743643649,-0.967035677025903
i899,-0.7884443801444,0.242919797447939,-0.980712644962728,0.284581398884169,0.974494264029368
i900,0.734490527582982,0.528361882168247,0.873266087474782,0.000549635438644946,0.619216917930153
i901,0.03246243069681,-0.353326970603481,0.400949535173955,0.414652488711961,0.147951501754617
i902,-0.99140191006582,0.724618221932151,0.654728494651575,0.841769097681649,-0.164337678866777
i903,-0.708822023261123,0.0319049639145983,0.736272667109865,0.799771232017757,0.315339017963886
i904,-0.513876039268869,-0.763538131521539,-0.762802201710158,0.351912105682607,0.990888400193658
i905,-0.928934741317284,0.660171756541223,0.422150393158462,-0.423815137724887,0.422466277487952
i906,0.33194547594811,0.377904601955654,0.107361582915478,-0.0235338067895143,-0.797240653879219
i907,-0.947142303913833,-0.18518304072967,0.0255071801858691,0.0266570426694011,-0.05739140156849
i908,-0.0105504979233461,0.487613557668686,-0.368666967705651,0.227802845429133,0.40030816890798
i909,-0.0665804151165126,-0.107538116390924,-0.665497614043245,0.930597410380021,-0.270960407187078
i910,-0.469409958097466,-0.890882503376423,-0.355540757764998,0.123458706213204,0.866020367921247
i911,0.132538115819587,0.231715040904925,0.347070715042859,0.134301317380477,0.286601639159686
i912,-0.458271324218099,-0.388202326653228,0.04103014680975,0.887347254395381,0.889420051703244
i913,0.824091898334813,-0.121627256464023,0.215977112104243,-0.435656479313953,-0.0853989062528024
i914,-0.988018924174294,0.23322498950747,0.537117683666618,0.324787757124879,-0.3508225171056
i915,0.0925094878258979,-0.356421484350182,-0.659256764293858,-0.774166849888348,0.792680409310006
i916,-0.280883130479627,-0.701186774049761,-0.0384013679811274,0.205774088302007,-0.970100944310359
i917,-0.27811311490227,0.988027386995548,0.542991922177259,0.631476128352909,-0.693658974530698
i918,-0.958543930590675,-0.784061239591455,-0.402082345953555,-0.935435498121794,0.926710488567724
i919,0.342391232549036,-0.325928662082358,0.695944164361512,0.00434329127832256,0.428023240574554
i920,0.073659835524309,-0.923481028616475,0.371238339345616,-0.420664064809646,-0.329551534036215
i921,0.494091548486187,0.83810870504992,-0.328263654003244,0.32924928357308,0.661847233950469
i922,0.551965938266524,-0.212396768425666,0.0759986282118532,0.187144294700607,0.628860111687802
i923,-0.55420942869263,0.986746467296134,0.689914743732855,-0.193267093606732,0.845318440922076
i924,-0.645547988474805,0.151706609276711,-0.505637573274813,0.802619254501536,0.299233322881924
i925,-0.283596975578269,0.182921392425882,-0.955675706198277,0.914680992253202,0.278708165761598
i926,0.409658030965913,-0.627129985331684,0.210797331891009,-0.62201074920842,-0.752220428682733
i927,-0.776066547053656,-0.563446865676068,0.0764642454606481,-0.824829767682475,0.860959441245631
i928,-0.173029288211783,0.0191840293448891,-0.534347066787761,0.973404900794341,0.265081299689759
i929,-0.966519781622025,-0.555335624564359,0.854971513140058,-0.148748516914184,-0.440032525868805
i930,-0.869104102739841,0.887067610033779,0.89061847725064,0.506738816844979,0.90916769572911
i931,0.394781206098312,-0.457624341082858,-0.0539113019225581,0.865293476026805,-0.912315858333311
i932,0.573917812495019,0.922950871144772,0.409179031071289,0.769912754171806,-0.962564598935614
i933,0.803455667196259,0.663309980408284,0.0134454569586093,0.928506602864488,-0.814056659238173
i934,0.806973035376401,-0.277420212601172,-0.430812358890972,-0.422337475143702,0.0716454581058201
i935,0.223191401347586,-0.952775267396497,-0.988135555743271,0.429012084595442,0.766731466173467
i936,-0.75627469838655,-0.299556647665545,-0.412224093774162,0.812693942878495,-0.131270828270342
i937,-0.889958060241355,-0.175954020969184,0.339561250455963,0.773510807692029,0.139617766108888
i938,0.516851607121262,-0.825103564924692,-0.675029308855487,0.675679668316344,0.217579283561464
i939,0.45316745650422,0.953450087927529,0.636945509523609,-0.240834834435975,-0.84374464908461
i940,0.217190683188642,-0.620364565820271,0.773053061602632,0.821877831280963,-0.156366929642156
i941,0.429711384739864,-0.670763421211481,0.204987835387021,0.241610957949859,-0.232332468056603
i942,-0.640176715349756,0.0635250848434499,0.297932182524453,0.127852953069749,-0.469584227582738
i943,0.562405609316464,0.0655601594923021,-0.846899140503068,0.478856199039614,-0.780976259406392
i944,0.934945599815072,-0.894550274730256,-0.554368496920901,-0.017417493687319,-0.773094413232247
i945,-0.188014648187852,-0.231174589701606,0.587989802774254,0.75065239675846,-0.410430859000308
i946,-0.558013600414239,0.229432882908619,0.257811988324758,-0.709491542454629,-0.417818867302958
i947,-0.069357747521697,0.992879804890793,-0.216055850369318,0.315587423399801,0.895109413857971
i948,0.297449424867464,-0.0726591546883671,0.316803332973166,0.177120842199455,-0.614853915624715
i949,0.677731850046622,0.456515056236785,0.0223946919566536,-0.00717442348305464,0.0535160523576397
i950,0.868634850540374,-0.9622714550188,0.910550318350586,0.196722749470572,-0.698366607419713
i951,-0.767141449395909,-0.687945651227536,-0.950422162636242,0.941796730989066,0.862994037073561
i952,0.367004231883243,0.802911559661433,0.464640827759918,0.856025471996275,0.882417715354643
i953,-0.853341532602759,-0.90567336363795,-0.224231826659588,0.305462775490414,-0.718775414810216
i954,-0.808060513295506,-0.9385982842494,0.381015361042965,-0.421617586455209,0.747042702344672
i955,-0.756950299754978,0.206541276267554,-0.83381322727587,-0.00631583767393085,-0.980517943476676
i956,0.00510036963302096,-0.301872609756743,0.530576775164416,-0.0567502743689771,0.444528169066049
i957,-0.0585728647438202,-0.55730198969109,-0.893640490555194,-0.837663422146905,0.765420828248521
i958,-0.1295272738138,0.808910334257329,0.279806630761629,-0.233224377993555,-0.165374847742951
i959,0.563599220274385,0.421151580864137,-0.0304459591893644,0.632029103075613,-0.463270188020773
i960,0.0287781371126561,-0.217863051063062,0.0512536373544754,0.583892858886364,-0.774695437500253
i961,0.295891141597023,-0.137911594720871,0.479274492265698,0.64508229741781,0.69328281455665
i962,-0.0503893883950246,-0.594955044910413,-0.45299359309778,-0.174717622932416,0.336501466034492
i963,-0.358523506260512,-0.531351074235286,-0.510651681209709,0.621467076463129,0.573904768470464
i964,-0.518542664413393,0.782325914180216,0.535788535561882,0.833125911979806,-0.225046360138546
i965,0.931646021501261,0.836916175591064,0.936265798655658,0.162738762062696,-0.625041117074708
i966,-0.505757051987157,0.620273316312297,-0.655260943236165,-0.921224542402149,-0.984862792356729
i967,0.543991602082652,-0.517423537844091,-0.236735674417039,0.375780392062514,-0.817108302594896
i968,-0.0161597094895483,0.225669525117085,-0.791371055420282,0.670703731346177,-0.278270083892938
i969,-0.3862159228847,-0.597415480003029,0.884709859344299,0.411173330809768,-0.347869516907917
i970,0.192977440164808,-0.739345633745814,0.625338753947401,-0.305102640439661,0.0481917828952261
i971,-0.979240882859762,0.43394366334982,0.466739947612158,-0.0450862350567255,-0.167688657794477
i972,-0.884959649774535,0.822893090334377,0.612810192361147,0.669291532804348,0.897373305801157
i973,0.826894607908947,0.554618164802552,0.145998240875514,-0.490447459557953,-0.663693330356829
i974,0.791590873594938,0.680025597649142,-0.273849916426267,0.520770740425383,0.574149165838534
i975,0.641118958927864,-0.550445904306125,-0.668244149393262,0.149819539374555,-0.640936606982052
i976,0.815848224827735,-0.167761243356845,0.788636724062927,0.0464684557670592,0.627048692170916
i977,0.321739303629703,-0.105224092665316,0.815365283528783,0.983603040624798,0.144710436764213
i978,0.513289770241816,0.882907765546534,0.53179369173241,0.532665838023418,-0.011688223865558
i979,0.355510465792087,-0.79034141811785,-0.271722447030624,0.152217512711957,-0.224348722673389
i980,-0.647908023546881,0.115594087173722,-0.034778673506876,0.59986609223205,-0.200865192486421
i981,-0.10856440103345,0.293139201821729,0.32412954178294,0.0693482479765415,-0.171654180075746
i982,0.535083006079716,-0.442659628766044,-0.424602156377624,-0.815488035878715,-0.442504595526142
i983,-0.995648782908851,-0.603681531490393,-0.699081553128567,-0.0588220508425152,0.948832360528924
i984,0.0838425794950539,-0.125194611289937,-0.37865417588961,0.72186855403873,0.342366667799598
i985,-0.164040632549664,-0.239229578079597,-0.296996083356622,-0.194746447344105,0.0439114998036816
i986,-0.896751770151925,-0.673861296176123,-0.707915162746943,-0.531287286984385,-0.587990084670532
i987,-0.135980524629186,0.794601375364017,-0.566389112684824,0.0504941585939838,-0.7877038326902
i988,0.658540510960494,-0.0598810432442163,0.114019385719403,-0.28681247302694,0.790231777800328
i989,0.200779578460473,0.390773480942556,-0.892654611014854,0.504797897157938,-0.218008120539678
i990,0.452134263209156,-0.573052049052378,-0.195090178861587,0.531418604986142,-0.0480830161122094
i991,0.847271992108632,0.000779732158454172,0.433676847697104,-0.31692419501451,-0.862989850755538
i992,-0.367943088501742,-0.899197505566117,0.776799442929018,0.932261577912797,0.698836808032722
i993,0.462935592098137,0.0347663349020428,0.197852735855805,-0.302260336020102,-0.387697960901768
i994,0.707246885902401,-0.46909145569059,-0.101417378558251,-0.595331852446116,0.848918464982978
i995,-0.160357742667326,0.425320537840947,0.644050382581075,0.296253120881943,-0.880686613447859
i996,0.0187467926203488,0.546763173566362,-0.35324199409315,-0.383078577616342,0.255610119598165
i997,0.268462380231563,-0.155466272348926,-0.247384797063926,0.923181774272838,0.150076141948501
i998,-0.0771782625077118,0.174598203730296,-0.70999019491243,0.269702432007696,0.359624792660388
i999,-0.669853360692339,0.510432271554113,0.3065878863442,-0.574314973931506,-0.269293086124173
i1000,-0.591260086190227,0.278086368927849,-0.934366783480547,-0.337825066426511,-0.934837015658772
