Row,jfinal1,jfinal2,jfinal3,jfinal4,jfinal5,jfinal6
i1,-0.8874408336523,-0.852690815338576,-0.924490504468663,-0.854857963466816,-0.389353669494871,-0.447798233865978
i2,-0.862485389744973,-0.815388810067372,-0.696605680340092,-0.761856362644973,-0.560547416651418,-0.396738255756288
i3,-0.872989080716402,-0.982080443633647,-0.731066079143769,-0.693778822268885,-0.375463321592626,-0.54738834446855
i4,-0.856049398038608,-0.938409566799267,-0.756166689733232,-0.770541893880403,-0.0764287104167909,-0.622723449274251
i5,-0.88233560185419,-0.967551830491412,-0.65265378020711,-0.849901761333046,-0.878155703470274,-0.0903242367541391
i6,-0.859759422696701,-0.82038260305984,-0.969047383197539,-0.793451796919,-0.565582567533573,-0.092978637427236
i7,-0.867625561029584,-0.9842904591529,-0.576794636694434,-0.745126470736186,-0.346938113678393,-0.641178034983752
i8,-0.870743981120018,-0.812297865652849,-0.918914221075585,-0.853302128874748,-0.645968789426583,-0.0854779336362282
i9,-0.882251900500062,-0.969927556913654,-0.681124499449132,-0.679141293064018,-0.732847956987515,-0.330651243743433
i10,-0.857594144601268,-0.94447213591938,-0.872386644822302,-0.464958472905464,-0.690434711547755,-0.146552719181159
i11,-0.884954251761239,-0.973572046590195,-0.701505276171119,-0.838490565708663,-0.722872270645767,-0.25130417596119
i12,-0.873796980803926,-0.839829493237121,-0.764702822446375,-0.802303168788628,-0.649665136841271,-0.325553433095434
i13,-0.875614981172696,-0.953034970309798,-0.735784207025138,-0.875936090496327,-0.493784579391987,-0.23566842145384
i14,-0.850733746717585,-0.907196497597563,-0.880176188941388,-0.754066531248538,-0.588673618440476,0.0298896375363811
i15,-0.878582997004116,-0.907346541986692,-0.923197632891265,-0.855444432834071,-0.587546842961397,-0.181315470792816
i16,-0.883296341469994,-0.949041976279857,-0.719168855380504,-0.813171291110316,-0.542821189296205,-0.421962089823384
i17,-0.881134496389013,-0.930970196516281,-0.831366805759206,-0.713133317972564,-0.523510753602554,-0.455647841090362
i18,-0.881337238323394,-0.792196860309214,-0.792187682090962,-0.832779069624904,-0.660155510469176,-0.328837731267928
i19,-0.869079384778005,-0.946092885464082,-0.852065823105168,-0.69928067939209,-0.286910590497284,-0.416539447210683
i20,-0.870082508261774,-0.82887065108419,-0.742983631171753,-0.853454088247233,-0.554366789319906,-0.254541153680418
i21,-0.8803011320869,-0.946308388925407,-0.70200973000739,-0.849247268236755,-0.328684658134174,-0.627901357159522
i22,-0.883315509598898,-0.839445376900192,-0.819059263329087,-0.935885311282199,-0.259603404646513,-0.656000009483952
i23,-0.858497992052754,-0.803281270948249,-0.965627074924724,-0.728825610869424,-0.492455620386473,-0.136396259976976
i24,-0.866630016012239,-0.818944680421046,-0.894220328401844,-0.783135276113433,-0.719851923011458,0.0176376453511875
i25,-0.868553588704033,-0.827658505019885,-0.757520322497742,-0.907034485668716,-0.487746655416701,-0.282476573144222
i26,-0.878959843061092,-0.967532577214101,-0.839502134593225,-0.83335639297136,-0.332953355394154,-0.394132801787457
i27,-0.872415663364172,-0.922211112086067,-0.617143389395234,-0.988092414550902,-0.471873146723533,-0.256196081128408
i28,-0.87181490407415,-0.902547936384137,-0.771299042774078,-0.974029339497038,-0.177073495024782,-0.530396970304869
i29,-0.872001164352638,-0.869277722623868,-0.665110220823282,-0.964679918855539,-0.518581978597791,-0.225706119577334
i30,-0.868794424348963,-0.902540213238671,-0.609055290639263,-0.802625284152449,-0.768375420938995,-0.198270604001215
i31,-0.882909367875184,-0.944292027211893,-0.723388227494423,-0.921412187490708,-0.263400748615224,-0.584423481682849
i32,-0.884807559984408,-0.925108868719765,-0.850438556688541,-0.848678552004515,-0.451559840213082,-0.406783253090119
i33,-0.865693723120259,-0.966700602873445,-0.860268916017041,-0.72870051872441,-0.139306770295425,-0.511525190523177
i34,-0.868606349087351,-0.906624892014952,-0.618940383959651,-0.956317486432575,-0.458475916122773,-0.360865047565276
i35,-0.872817968043881,-0.973999103536171,-0.636368917006627,-0.78488975219625,-0.813168477874952,-0.0900533507359036
i36,-0.885617031548091,-0.800120611905536,-0.882498514559635,-0.970502401693163,-0.347068953047469,-0.508763649744229
i37,-0.871489149571354,-0.950635084200437,-0.690715796125927,-0.760040955368205,-0.564336820590739,-0.362134442089719
i38,-0.872975730871135,-0.932441057946788,-0.844339140535217,-0.677865000242346,-0.347480988951666,-0.507604672873787
i39,-0.881059085976323,-0.964478661769614,-0.595684616996313,-0.929291428083674,-0.635830758359012,-0.290358808792074
i40,-0.856615055882982,-0.771774567889905,-0.984208486841134,-0.879668887478968,-0.0359471809910655,-0.495257561323052
i41,-0.861830036517946,-0.834442537133097,-0.934186822699165,-0.611814424548628,-0.160344471219464,-0.579278875706261
i42,-0.852211592065305,-0.780910941800953,-0.68057048048787,-0.936786222360406,-0.785950396469212,0.0800815623899176
i43,-0.861848933963908,-0.789329264222339,-0.721410005396587,-0.931917565318775,-0.277441504007825,-0.528093938536258
i44,-0.87412673132234,-0.985634659162961,-0.60689005301468,-0.822420869896453,-0.461830157745008,-0.547113278464633
i45,-0.872274309473485,-0.89688504874139,-0.801442203364474,-0.801577200212713,-0.195234586100957,-0.618153463271509
i46,-0.865729444584496,-0.902248628246755,-0.772358430768705,-0.983748551549204,-0.421369724986675,-0.175743474493927
i47,-0.888049831944028,-0.898030802259349,-0.721062355950373,-0.864010331005233,-0.374682397716463,-0.63598700933553
i48,-0.883862471185818,-0.814850089230403,-0.9159259160419,-0.969171656985692,-0.160689401102258,-0.621204260071608
i49,-0.878942926902503,-0.813086746455002,-0.899805678814218,-0.709671069004302,-0.408255508372936,-0.612369710456088
i50,-0.87767665317919,-0.870335749223724,-0.955760468763425,-0.654726801530564,-0.789067291452782,-0.153991627583443
i51,-0.862466147890804,-0.790993414478055,-0.879382604751391,-0.818422298177812,-0.257704475975287,-0.442625867617438
i52,-0.881899309085353,-0.874885115367342,-0.711803973755204,-0.889927484909143,-0.375465236063646,-0.671131505303211
i53,-0.88563111595676,-0.927151958409975,-0.848223364587096,-0.729123090203401,-0.660360374875533,-0.335532882128983
i54,-0.856182950650124,-0.944256395512758,-0.769973188724578,-0.594927028959311,-0.7132979715794,-0.153961580894404
i55,-0.878844097183934,-0.959692875954684,-0.684651172843148,-0.789636966214998,-0.546835048757932,-0.48370602003122
i56,-0.876755818226011,-0.983930130823003,-0.823122254232784,-0.614379840701316,-0.358068972237317,-0.611463565588224
i57,-0.879975379971812,-0.897632588606816,-0.726936239890048,-0.953209284668151,-0.281272519330474,-0.577445007327311
i58,-0.879723274341979,-0.901842443831734,-0.706288049259015,-0.8528985966619,-0.769210359671498,-0.217207450677273
i59,-0.881555581312462,-0.936609705413998,-0.713011250979019,-0.826377857572969,-0.329302390824721,-0.637546666888638
i60,-0.859410264312465,-0.804979534404659,-0.94472978291195,-0.808997710745602,-0.0932572170540098,-0.459013323064056
i61,-0.870053536201252,-0.825644272515783,-0.68048963874119,-0.961725913297781,-0.75371128555447,-0.0591726168842157
i62,-0.864730493357803,-0.922607817819771,-0.597874465828143,-0.950186174522821,-0.0852110680936212,-0.628413087156904
i63,-0.858023802627685,-0.884053721143219,-0.658050761277346,-0.859492395336924,-0.383551291501427,-0.376496010348264
i64,-0.870745232098644,-0.911358472550968,-0.768735277876477,-0.933237771357568,-0.295750770130738,-0.416243724230552
i65,-0.886183491602039,-0.923308929715934,-0.781616592403796,-0.744651169608657,-0.698293650982514,-0.360466060023669
i66,-0.872374273655126,-0.895835166738687,-0.890533191980007,-0.800503061344301,-0.24469443842281,-0.559781984547977
i67,-0.883083245126402,-0.835935989158723,-0.854235190437198,-0.987266316183771,-0.441836432269898,-0.311859614840174
i68,-0.854038032492293,-0.911746785012145,-0.846347419828137,-0.646911276242415,-0.656214571286555,-0.0984675981657455
i69,-0.876192361890307,-0.86042631989184,-0.884166652021965,-0.850185641515858,-0.616388298799732,-0.155857705464031
i70,-0.877232554529862,-0.931301325155392,-0.853580385207154,-0.64918802687388,-0.81657708482572,-0.137852531364744
i71,-0.873967172876434,-0.90119458047256,-0.774748213693536,-0.63070013201491,-0.845042926334992,-0.133226269191268
i72,-0.87696132908177,-0.969141700501018,-0.733097260391851,-0.746615891071951,-0.362430568941175,-0.625603148780275
i73,-0.880582544696335,-0.856806743145236,-0.756730521855797,-0.914560676919179,-0.59494605184582,-0.355191057634194
i74,-0.881925342651408,-0.886369686664696,-0.851768144092055,-0.632342013744618,-0.461007240818211,-0.576787155034185
i75,-0.878503853302475,-0.911760402840606,-0.917541319111687,-0.580261370507211,-0.299312765503175,-0.645637300088649
i76,-0.859347183614252,-0.886245136867338,-0.675874450795269,-0.917138368480651,-0.386007011712864,-0.361869122604899
i77,-0.876993656134012,-0.970066667190754,-0.65369457983356,-0.844116634549565,-0.51804097395175,-0.353578236552048
i78,-0.872965875779595,-0.861422921735079,-0.696938563802563,-0.756156594332453,-0.778846931530052,-0.169394935256366
i79,-0.881351393958231,-0.860997123164238,-0.94441091686664,-0.875666955321378,-0.369567702623522,-0.339948090977572
i80,-0.86556082326475,-0.91590419874055,-0.895999921011793,-0.801452109349025,0.0695138045673211,-0.66320522825273
i81,-0.874312405884332,-0.946056542800445,-0.639725866947082,-0.747168164382871,-0.77301887060004,-0.272427252728055
i82,-0.85215633618558,-0.911366242101054,-0.625449142305071,-0.911547275958989,-0.662150884827049,0.00103568822594702
i83,-0.872361507704734,-0.980907945151166,-0.547789189502605,-0.83910997050543,-0.576547381141067,-0.406220054455766
i84,-0.872781908429254,-0.950682568343209,-0.884171844805667,-0.569750846958418,-0.373810036596452,-0.543071998556697
i85,-0.863525237682756,-0.9671981050575,-0.617871647698518,-0.841469171808803,-0.589231679658133,-0.239048129929291
i86,-0.866986942646777,-0.829332129535068,-0.940586033138243,-0.473505235663944,-0.941970188484537,0.00194762479632637
i87,-0.877662535458466,-0.847186494179145,-0.912443364748192,-0.629552744434107,-0.390748288101089,-0.637391207873482
i88,-0.881967013979185,-0.982941957815018,-0.757194143537702,-0.947303335879933,-0.21747010985841,-0.538244969874803
i89,-0.850291664587,-0.842097321382377,-0.830038060050308,-0.903791252103248,-0.522856898619722,-0.0111934164068026
i90,-0.859190352657941,-0.772018466745804,-0.7366974436049,-0.837574938439558,-0.384911672914762,-0.44956835588216
i91,-0.874014259711575,-0.862535696546659,-0.750188271982645,-0.857279702578874,-0.720710693947451,-0.198254951422247
i92,-0.874162071420397,-0.983514052385667,-0.659778837971273,-0.776772549010753,-0.316102951519485,-0.647358714647241
i93,-0.875833715301436,-0.982245935076787,-0.618987670653275,-0.854871450869721,-0.29029878369106,-0.693939712021945
i94,-0.868850807853549,-0.896539130555039,-0.912850636544429,-0.731698564207572,-0.297349317580768,-0.389149964843441
i95,-0.875708333522871,-0.966379770106048,-0.890685677763027,-0.507575243503915,-0.79645723164533,-0.283661798038848
i96,-0.874207822190037,-0.931745907680313,-0.900954750424783,-0.657506059105182,-0.530119993161063,-0.391770191286036
i97,-0.870173973892424,-0.927757567303928,-0.878030945347199,-0.686607972694334,-0.78205076369629,0.0244444611012402
i98,-0.881919561090894,-0.803712801504001,-0.791180104551963,-0.833896067468864,-0.668041629223153,-0.381665300116498
i99,-0.888176911041677,-0.936848616812888,-0.83054706283605,-0.795582733017876,-0.430834268242466,-0.487126337708236
i100,-0.863149899869207,-0.902923260977737,-0.888423811937041,-0.780513996287774,-0.0276807488436004,-0.602659870088899
i101,-0.881512381825032,-0.932229162738041,-0.866114226240385,-0.760789059795988,-0.5603290200519,-0.255184507576586
i102,-0.872739719965084,-0.813171455722219,-0.762494612015716,-0.859136565497308,-0.304328846461375,-0.515948647398221
i103,-0.872517863770164,-0.841561111642691,-0.866820386589578,-0.734232263464073,-0.813830498294667,-0.0666709408319862
i104,-0.860389686051096,-0.820609735259194,-0.799661591406651,-0.949542732607993,-0.0986132590200972,-0.533015491006086
i105,-0.871794172003057,-0.934914814357171,-0.871392397294918,-0.857883550334017,-0.069507780330307,-0.52014066377976
i106,-0.880464767746401,-0.904709915756377,-0.722215690495326,-0.821884743262514,-0.591917587976682,-0.353760373373793
i107,-0.854429928044922,-0.954473381052731,-0.54822474946238,-0.910210500302142,-0.33797992972381,-0.377962140387259
i108,-0.875684467820887,-0.977535404918807,-0.780011417028784,-0.892906136040484,-0.351221747338685,-0.309768034041577
i109,-0.885619219979404,-0.884625156062046,-0.70322118385491,-0.78868962690171,-0.724173662106225,-0.371680485423545
i110,-0.859630510492311,-0.904011013948553,-0.872859145533313,-0.532029599140994,-0.367947630825383,-0.494421008008535
i111,-0.862319223779203,-0.944023727699504,-0.554494750102078,-0.954236789195236,-0.113046457988709,-0.567784700939315
i112,-0.865648695048096,-0.817749956309158,-0.78761347211263,-0.686054026203925,-0.480566530376291,-0.484339617704766
i113,-0.876281231985734,-0.930204838775281,-0.609511677262076,-0.897398553135684,-0.431447418452062,-0.509452320615798
i114,-0.86414362701234,-0.886451120552965,-0.821534064564546,-0.883461383117204,-0.258762503195662,-0.444749566686934
i115,-0.888105802026356,-0.929564742472448,-0.651173219379501,-0.95444157565159,-0.593757328345548,-0.351098402079057
i116,-0.875209621629446,-0.809228018855291,-0.933930523739839,-0.59806865765153,-0.809109173746204,-0.225184244307871
i117,-0.86275816306085,-0.964519392237834,-0.837381697481809,-0.427945735801165,-0.506534695668342,-0.387659696028568
i118,-0.862086221666279,-0.88202066239494,-0.72211574762886,-0.719914895289924,-0.313084533692541,-0.520236374921961
i119,-0.879588385455199,-0.967309129593647,-0.830891109828497,-0.894990901053874,-0.513560631859819,-0.234164838022385
i120,-0.855750781908725,-0.833119864022828,-0.88457551373173,-0.73178017388528,-0.220104484934821,-0.508311647045721
i121,-0.883096133610507,-0.880194197081422,-0.789633888017985,-0.819155307106604,-0.511045889973826,-0.405467345273256
i122,-0.864070541334776,-0.782738710985179,-0.882632669909185,-0.716774817684283,-0.208081830520355,-0.664394013891008
i123,-0.866719161548235,-0.85096758117993,-0.781708790010776,-0.717623680906671,-0.636242517631515,-0.300770899933179
i124,-0.869912481753901,-0.931471868426887,-0.636219469867645,-0.851632500714559,-0.188810900097522,-0.669470004964232
i125,-0.864525057913683,-0.882731407262666,-0.657042537897609,-0.944905070073003,-0.321982996052988,-0.344616190969088
i126,-0.881432741147309,-0.86963743524709,-0.86382485683943,-0.851735393474702,-0.317205474102653,-0.577641634454967
i127,-0.85656187771098,-0.852590751456167,-0.880729887440963,-0.90690566678077,-0.370039722830903,-0.145766798910391
i128,-0.863195249127842,-0.966017731860953,-0.639598684666663,-0.895530510329637,-0.0662479446165154,-0.639630561942895
i129,-0.873189789149773,-0.834951477024986,-0.839441763771749,-0.932953445978606,-0.0722356571979342,-0.655363251668317
i130,-0.884891183264499,-0.816340778907139,-0.795742115879371,-0.796337287985842,-0.82562910725752,-0.196019622101621
i131,-0.88378078957009,-0.860636644190587,-0.790233669991288,-0.705624198035635,-0.93887831804054,-0.159637531201975
i132,-0.866083067511219,-0.829554549834092,-0.908021420018926,-0.770836876299147,-0.58303885487359,-0.113655421869881
i133,-0.879638664296863,-0.966186251461904,-0.76587330975417,-0.865948453047711,-0.349869234407103,-0.450893131114626
i134,-0.871107221646615,-0.910294316951166,-0.657133694621352,-0.779766321547209,-0.574783742801096,-0.354922028740569
i135,-0.871693512022109,-0.9737632200531,-0.54585797688739,-0.930145156794346,-0.607640874145141,-0.225623923288963
i136,-0.868256147929823,-0.807569115896698,-0.887461775752441,-0.872780208918779,-0.0274480105806548,-0.619194430069775
i137,-0.853054258573211,-0.948333179340348,-0.51524726697201,-0.895171836875813,-0.546121752435427,-0.197306352127478
i138,-0.875330237772544,-0.918180147939659,-0.889300873302497,-0.862954209381145,-0.22493894067039,-0.421281219647529
i139,-0.868750345215257,-0.965470061958828,-0.538567506977372,-0.967049179556288,-0.706166792441506,-0.0187657352586805
i140,-0.871587474561233,-0.810391706566014,-0.835177238598403,-0.829157282813425,-0.476094085820096,-0.342102710727363
i141,-0.854152293576769,-0.950836885869054,-0.573009385592861,-0.860187101978148,-0.262869040512441,-0.452924111925988
i142,-0.879079176187607,-0.843288086149496,-0.756307804835463,-0.927368567912181,-0.785915793945267,-0.159545081455066
i143,-0.85572729583901,-0.756808571024717,-0.782670580120435,-0.985457629985777,-0.218957309842414,-0.372127206890681
i144,-0.88566249344045,-0.918686190591698,-0.660977897441845,-0.78312621117187,-0.682247350034127,-0.413132700117592
i145,-0.882317087765781,-0.835002264676535,-0.914074502827615,-0.682668398188174,-0.915562263745061,-0.121166037706965
i146,-0.862205785006986,-0.949047123579986,-0.557900036369798,-0.759226734673676,-0.350913252317764,-0.512521756396944
i147,-0.854431048180811,-0.78121183436693,-0.828403248536034,-0.95861644228102,-0.189714315798912,-0.363355509692802
i148,-0.869999356589782,-0.881064318583095,-0.609372664272082,-0.789809003240789,-0.967768358181858,0.0121052651800488
i149,-0.868998917714733,-0.954404030799155,-0.79408843887276,-0.857878437906579,-0.403648804858138,-0.27280981687022
i150,-0.885748845667663,-0.857332997609195,-0.907341022916809,-0.661436005889515,-0.509508929484045,-0.51586689703498
i151,-0.861856094524835,-0.859101254369003,-0.679658284128305,-0.923212959421108,-0.692470089082656,-0.0737192544539479
i152,-0.878010860844341,-0.863393820646837,-0.868970473454669,-0.658666218754251,-0.906567292292817,-0.0468808163344593
i153,-0.872339268643145,-0.818051311317077,-0.951616186757274,-0.737814514850586,-0.325310781959366,-0.435658762460741
i154,-0.852973801325741,-0.928913227915549,-0.723789520209476,-0.639939962871384,-0.4041548968952,-0.403831995063227
i155,-0.882193645402979,-0.809358865966588,-0.887416557096763,-0.708996012434196,-0.586944212610855,-0.524627443636013
i156,-0.869110265102761,-0.894076581777526,-0.939413639356438,-0.649638084580074,-0.515862422197979,-0.260206756446401
i157,-0.8841796839865,-0.907636178888832,-0.914967672279826,-0.757519377300187,-0.254435428018194,-0.622184640964378
i158,-0.859433355618646,-0.881537234608851,-0.695458452703742,-0.910818504860137,-0.42781562350938,-0.262043313376877
i159,-0.882617732920363,-0.978476185876389,-0.864751738830881,-0.738736350627578,-0.242835093853281,-0.661743691049545
i160,-0.879982476027538,-0.9014870269099,-0.840579120880832,-0.703828312889236,-0.880615241096636,-0.053370286217845
i161,-0.87805377829881,-0.944476372643398,-0.81902955273421,-0.589559710220628,-0.452023943057834,-0.612274627443978
i162,-0.887053706061724,-0.949169739381223,-0.635271506256921,-0.867570048230251,-0.668849836868661,-0.364632973553731
i163,-0.881743589871876,-0.888972370009572,-0.742691395837077,-0.853098480711546,-0.618085264389168,-0.305026018851346
i164,-0.875252300038083,-0.852809684440892,-0.951818436670189,-0.49403614105273,-0.753069022754201,-0.248286613792005
i165,-0.876647636879271,-0.958565145174145,-0.805211868192138,-0.719731943557418,-0.637238695514454,-0.231685704253237
i166,-0.887689681282282,-0.941607500054962,-0.85810056407593,-0.661289760204635,-0.414472346544065,-0.639442662612299
i167,-0.878070078989805,-0.856928620427119,-0.904031891434763,-0.856462138613431,-0.564403546880621,-0.286059908199532
i168,-0.852004961774625,-0.881740749206384,-0.820896005078859,-0.585640871517809,-0.593164464066736,-0.25444008412788
i169,-0.879852503559328,-0.954598145917446,-0.634966413771624,-0.89091524085489,-0.402337356561056,-0.525947196696598
i170,-0.865492167136936,-0.910447186667982,-0.880550758767288,-0.669643552844015,-0.124817306530337,-0.608832807940443
i171,-0.861255447002316,-0.955255400936917,-0.81468863014853,-0.682447124476767,-0.0186708619673119,-0.62690340298457
i172,-0.869542448470852,-0.834034801036164,-0.938915405611074,-0.82808499240218,-0.267767337950638,-0.404902637385441
i173,-0.871431530596235,-0.935026001143135,-0.894891159355918,-0.521258158132564,-0.913532714834309,-0.0591940470229668
i174,-0.882190943137579,-0.863673909939903,-0.824957351807871,-0.975728362781968,-0.124569366761391,-0.681349237517506
i175,-0.873301962453447,-0.844401880219824,-0.709619560107532,-0.821487964141586,-0.650458166558306,-0.257901507345406
i176,-0.867965132955567,-0.93036114020466,-0.791963487179331,-0.943276965875644,-0.547790645498104,-0.00667685564418707
i177,-0.865088680113143,-0.885639504067975,-0.94257300803567,-0.809825354228986,-0.423248533632294,-0.157434062794368
i178,-0.879845980898049,-0.897896582989407,-0.82226228703368,-0.936727743182428,-0.623816733851358,-0.13950791009435
i179,-0.870784176487555,-0.908270000644233,-0.709804536117121,-0.704289122454226,-0.527871001660371,-0.464041772393395
i180,-0.873125130966969,-0.79708263835874,-0.832076037113732,-0.739437033964642,-0.543464136595251,-0.370136378909368
i181,-0.874929401995298,-0.803043787308122,-0.963758515635999,-0.713807674575623,-0.224703097801311,-0.629718558598
i182,-0.863078488975655,-0.916844843388081,-0.857702411553885,-0.573302835268696,-0.754454503248546,-0.13779684042159
i183,-0.862187755031544,-0.852672735546827,-0.873221376231696,-0.681027185284276,-0.260430424485432,-0.451576165183324
i184,-0.86115416405826,-0.816520868820548,-0.813752214788094,-0.682991462041062,-0.292511434153552,-0.646340046552499
i185,-0.881209689173698,-0.845239137328548,-0.920542248177323,-0.63978333244424,-0.411462700848798,-0.632881873032607
i186,-0.878906286493693,-0.949675017408333,-0.783958558669693,-0.664447604314593,-0.532259410471721,-0.492018046881076
i187,-0.874220060899001,-0.951690122338773,-0.708170273562503,-0.958148000345343,-0.263921675426534,-0.477414149256294
i188,-0.880497682637127,-0.938509420614545,-0.839944125351889,-0.67775297766765,-0.520763778569427,-0.410083653932406
i189,-0.87265402379584,-0.794850883403112,-0.856744959305402,-0.630291651333905,-0.495166231905179,-0.492935070168791
i190,-0.860977995017494,-0.885676732373586,-0.812478179010622,-0.551421879588177,-0.619270265226873,-0.224831170053918
i191,-0.874779981616472,-0.93862191553547,-0.696826962981709,-0.81484149981818,-0.700738644837405,-0.266336467292006
i192,-0.862857700999691,-0.905352034752081,-0.882447282586887,-0.814602124833208,-0.293954773545671,-0.383088850195546
i193,-0.874368397803989,-0.881055233618835,-0.693490596917549,-0.899756726201478,-0.523566617307235,-0.410508285997208
i194,-0.85954944811856,-0.822384682371868,-0.981797447675841,-0.840736375194307,0.138490086998536,-0.6239677317826
i195,-0.885360340653631,-0.953236092976985,-0.663609472531152,-0.806925056695192,-0.873215357802661,-0.174211299804227
i196,-0.869674147129139,-0.8036645454148,-0.832219212081141,-0.786735789979428,-0.730897822002975,-0.173229083004586
i197,-0.860336310381072,-0.914793267919746,-0.890417012943006,-0.498215204877229,-0.792632716142757,-0.0845027738323424
i198,-0.861999475076338,-0.778675217559982,-0.922013075695055,-0.889145287058282,-0.0209875032431958,-0.555320210671318
i199,-0.876020763993694,-0.876413119683605,-0.840583213224046,-0.70874709765441,-0.657440646217438,-0.282641993805826
i200,-0.878808108532332,-0.902907050537464,-0.810282197286666,-0.851696701344143,-0.376621930746773,-0.462876084359015
i201,-0.872670976429748,-0.898574444675931,-0.895137488628983,-0.692155686705919,-0.245522460342526,-0.637610052599222
i202,-0.852982638720715,-0.815906790631939,-0.807376903057516,-0.60899223814186,-0.30000834113745,-0.570188643058107
i203,-0.877995162009527,-0.868443560030919,-0.671035579820389,-0.907374178643346,-0.547001811408183,-0.34194296530503
i204,-0.865199172454907,-0.818806474724444,-0.796832898610598,-0.847921568554634,-0.711825450993854,0.00760792131468113
i205,-0.885698389674588,-0.91995876783795,-0.657311165761232,-0.974408855432702,-0.294176665399293,-0.646016972215643
i206,-0.874059737827986,-0.803314715224044,-0.867697921247537,-0.861232994668677,-0.597597117508541,-0.212297005706741
i207,-0.884475613424155,-0.809908948234818,-0.770161419003012,-0.891692227332522,-0.866836610974311,-0.175211526294564
i208,-0.875117429130803,-0.876351779740097,-0.921138767997364,-0.697606228192933,-0.256963722801408,-0.609787323757206
i209,-0.875679569146341,-0.923912686054456,-0.919365744412873,-0.501447820550524,-0.886122397760676,-0.114280062959387
i210,-0.871644842221993,-0.975696597721318,-0.572904628057272,-0.79743129612839,-0.800889867843338,-0.133198970583618
i211,-0.860602282930983,-0.90090134481144,-0.811655918380182,-0.757418179606898,-0.698801015610509,0.0227751459093921
i212,-0.874157944000854,-0.832095791078212,-0.948380358633127,-0.864563908986647,-0.233807467398807,-0.437897285842429
i213,-0.858782382534428,-0.859163756450582,-0.624944489748416,-0.868004847744075,-0.250199382393231,-0.593102509233423
i214,-0.864348500083643,-0.832523837140392,-0.9361183962194,-0.748717846073241,-0.49272882205781,-0.22462804457716
i215,-0.858055374768574,-0.937252155631546,-0.801710631747623,-0.654146537226036,-0.331065529034314,-0.45365957695173
i216,-0.858826860352198,-0.971151688864862,-0.495515700540964,-0.935247426196499,-0.610954860464676,-0.0810620917999959
i217,-0.861052347241018,-0.813774096926723,-0.718493000678649,-0.866920452696733,-0.80568816927915,0.0392301863647939
i218,-0.882904600971946,-0.832127559468731,-0.75024069403204,-0.900359422600826,-0.423885765962849,-0.52544125461524
i219,-0.858046395555008,-0.970906371743162,-0.626376934913083,-0.923315090904343,-0.273126285666016,-0.360685189001572
i220,-0.883681801431251,-0.8407160920177,-0.72683964278352,-0.833309520047794,-0.348324155029435,-0.710727737213476
i221,-0.877643687305636,-0.825862949282828,-0.894485866701532,-0.682601197783136,-0.598863402435407,-0.354343261466482
i222,-0.884598765376723,-0.832903995205369,-0.844026161811515,-0.763813690825796,-0.329064546868148,-0.686842595591191
i223,-0.860399980977375,-0.788634231806896,-0.94180060120323,-0.681649001813505,-0.0504864148327249,-0.641279791377252
i224,-0.882172842282877,-0.884242348914354,-0.802194854939698,-0.846460432298176,-0.704476343902628,-0.2522154444085
i225,-0.866997867129189,-0.875336123727601,-0.883969358190961,-0.866275506122026,0.0310932575885094,-0.587285081056515
i226,-0.856737663491683,-0.868830265926626,-0.727779796621948,-0.926213822942344,-0.186760500254669,-0.482799137807727
i227,-0.873157550368183,-0.967613394963101,-0.839223403444176,-0.637956360210248,-0.72458332013487,-0.227322601835328
i228,-0.874721955809236,-0.824080031427947,-0.913943001292184,-0.846571122070198,-0.292546753101747,-0.473399978130647
i229,-0.868611697468173,-0.934657639991469,-0.647883513958101,-0.820017823953166,-0.866631708690564,-0.0174488591733707
i230,-0.868105248107667,-0.831670083868601,-0.904913627040124,-0.723277206625785,-0.348753570848753,-0.535824523518041
i231,-0.877921722878283,-0.827408786340582,-0.896023087675337,-0.801857423810649,-0.487582171611988,-0.46101646860066
i232,-0.856736354008851,-0.809989403083288,-0.772362306178048,-0.729576379191031,-0.379861357241041,-0.50485656611076
i233,-0.864587314550788,-0.920423536763456,-0.717293436880012,-0.754691982913173,-0.464605294953454,-0.385258730521803
i234,-0.865512396916097,-0.935035181854546,-0.874602145134649,-0.710405808646378,-0.0529691664818569,-0.576984870900753
i235,-0.855340127250411,-0.965467066616137,-0.572528291719658,-0.719345396103228,-0.692630700546285,-0.175497048161484
i236,-0.871984864806427,-0.820076185972242,-0.763098135590317,-0.801285202676582,-0.922170933141308,-0.0194550177198264
i237,-0.863588166963904,-0.873863081856256,-0.625848053476209,-0.935203782608808,-0.648815016068726,-0.0820999006291344
i238,-0.881741278522228,-0.910630646222555,-0.785084437679133,-0.880179613625799,-0.229562342588578,-0.678150711061279
i239,-0.874546900010119,-0.881371018238892,-0.931295218519987,-0.590968207361256,-0.35112227969894,-0.649347349687744
i240,-0.879099089191631,-0.938454214398075,-0.822718357874184,-0.898921856046488,-0.191936508718638,-0.638650931057589
i241,-0.877732756678616,-0.946315573791128,-0.720532507350882,-0.749538878804186,-0.707794366399793,-0.249036331270694
i242,-0.857229402839873,-0.85069157508549,-0.911988221698321,-0.780541062816982,-0.532267562113577,-0.102776896512373
i243,-0.865153593741459,-0.885279216887672,-0.691150444248033,-0.857452169312465,-0.534117422979743,-0.25403516306662
i244,-0.853054314499664,-0.966730816617178,-0.610734148519152,-0.95543321685982,-0.312940936816285,-0.262683355596695
i245,-0.855409655093603,-0.975254728873861,-0.663474192754159,-0.859226415514322,-0.235025793068108,-0.397877193237991
i246,-0.888267511932154,-0.848343869851286,-0.817489994397259,-0.729987714238534,-0.703305595675487,-0.376620076205396
i247,-0.878781201348472,-0.94778627135578,-0.626386430154651,-0.836796699956852,-0.36158156406347,-0.691213706231116
i248,-0.887403847701815,-0.856757253878151,-0.959166308555929,-0.725210296620548,-0.598347039530799,-0.35355806990426
i249,-0.866952211917372,-0.875379774762017,-0.839858038705733,-0.917909625704423,-0.199182330319367,-0.430138027990295
i250,-0.861329610962061,-0.810993869632087,-0.852207687068337,-0.745103913317506,-0.708245807043019,-0.0479110718140129
i251,-0.863848916956583,-0.83363375307966,-0.922792032175889,-0.70409566418992,-0.340240925547012,-0.469987370915755
i252,-0.871131430696329,-0.883092168045026,-0.857180916603799,-0.957214911093879,-0.189707956848822,-0.488125306195565
i253,-0.852885517491224,-0.930773361741524,-0.56586539244287,-0.933098014743207,-0.48519969546181,-0.196369177846681
i254,-0.879403615540094,-0.924395892383952,-0.662135025700455,-0.967017559663747,-0.761651409117653,-0.0980966680103471
i255,-0.855812603860678,-0.807844798140424,-0.807368608262529,-0.834267523210805,-0.176157462195429,-0.481322552069777
i256,-0.874643158227484,-0.868486013683097,-0.957852667750072,-0.759596194696272,-0.405620478453127,-0.290444674027074
i257,-0.868526338502487,-0.969184489763209,-0.792746835217565,-0.587360054199813,-0.636209392341684,-0.3538617672701
i258,-0.856029543595056,-0.858570923326346,-0.699183638093632,-0.890661549320116,-0.681424103517308,-0.0110955552841193
i259,-0.871191164999981,-0.905396070224096,-0.679082837860208,-0.841356464849656,-0.238961656846622,-0.64392027960145
i260,-0.859979733087394,-0.89072846323933,-0.684830235086939,-0.978576133718629,-0.383953357383389,-0.190061432271503
i261,-0.85760118483643,-0.959018870732286,-0.558002525125539,-0.847615363381439,-0.83963427694691,0.0805975841368309
i262,-0.878756458219761,-0.933282476382172,-0.736352903316248,-0.94769487063546,-0.175015741883776,-0.683824581485242
i263,-0.868599126470451,-0.907849235375515,-0.660069265264042,-0.916765701268021,-0.255982207152518,-0.457891122535022
i264,-0.865276678760806,-0.861666253254839,-0.741318731492368,-0.672133546702857,-0.649701825343467,-0.31768203794859
i265,-0.860308908380823,-0.843601070066205,-0.985136409027953,-0.79527523202168,-0.0537327550763188,-0.514666240945321
i266,-0.877655809768039,-0.954083746517225,-0.838148608064852,-0.648914075401678,-0.876845536819964,-0.150626252407514
i267,-0.855906831600721,-0.952354741378783,-0.74843172128457,-0.523797963312894,-0.801321734296706,-0.0769997449548795
i268,-0.868584823238178,-0.958385155279289,-0.751335030431152,-0.910251049758945,-0.0797813412412797,-0.53028234088438
i269,-0.864360228839729,-0.927069428102731,-0.889359684611407,-0.537524155817284,-0.680706212484477,-0.111296800331881
i270,-0.884338506482482,-0.981176881670777,-0.76259517861042,-0.758693804556195,-0.347765344405786,-0.649638940686163
i271,-0.870771236226365,-0.8098676182589,-0.975395219752588,-0.772244216352291,-0.615883463158454,-0.141932509468139
i272,-0.874981308149446,-0.832195030336374,-0.867263237981118,-0.737332618258508,-0.62734310143268,-0.250131690173223
i273,-0.863254904945377,-0.90917498856747,-0.832268216452351,-0.691848391849997,-0.172475813263596,-0.672320963350368
i274,-0.853439758185571,-0.959208240241996,-0.644941166298996,-0.94993125873311,-0.33266691687694,-0.253745906213053
i275,-0.864456793776434,-0.867951353738041,-0.903955518537756,-0.609974299062613,-0.180745929398986,-0.630694205323995
i276,-0.862366814904638,-0.79656858551466,-0.723585088048982,-0.860715227349918,-0.114951043364557,-0.646525500692513
i277,-0.88399641160249,-0.921155594829327,-0.840294574766811,-0.614519733194894,-0.760958551353486,-0.307912684512232
i278,-0.887455949376005,-0.901370723781122,-0.86124769975495,-0.703505077139882,-0.347692328494752,-0.671981728872049
i279,-0.877265179329945,-0.906617730514513,-0.936522995475981,-0.689740417386261,-0.261816826956424,-0.619232953654564
i280,-0.875546736349879,-0.855679982989065,-0.922489232272478,-0.784497723344403,-0.334947436826595,-0.537933015792961
i281,-0.871528540148741,-0.830139955922645,-0.916841751246675,-0.668399410765883,-0.455833490210483,-0.519416748886049
i282,-0.861702029618313,-0.946460591513615,-0.560707015492121,-0.903337634009508,-0.659659555583341,-0.178159498578496
i283,-0.873699515125192,-0.928435150227946,-0.77090494079266,-0.621265349979843,-0.892295520165736,-0.107076116166418
i284,-0.883062580712936,-0.790362103293576,-0.838882946967924,-0.90073814802124,-0.216586836212996,-0.681815563153333
i285,-0.861693048788294,-0.827547658846884,-0.936284498094072,-0.605149406869712,-0.253121945508724,-0.54146156587026
i286,-0.876058387212995,-0.918283529786437,-0.868985241726179,-0.803980124893389,-0.564325682074275,-0.276732124836097
i287,-0.864707928609691,-0.91047058668208,-0.722181871693402,-0.87627395261443,-0.35249730193578,-0.348805274486336
i288,-0.869986825098031,-0.917433787362549,-0.698616651782524,-0.843889456682085,-0.760129891673715,-0.0188054226616141
i289,-0.878293220998166,-0.845965920084043,-0.875560272230348,-0.929452902648768,-0.397368023740715,-0.379109693278469
i290,-0.864458143900695,-0.870684827900539,-0.737649922267196,-0.84449700480665,-0.561762984554284,-0.186257214846134
i291,-0.858698740561485,-0.865714647677687,-0.641624331212175,-0.962137881640755,-0.518341780702596,-0.154452922240216
i292,-0.862526726182951,-0.959611157785764,-0.648899398328915,-0.752510221157012,-0.225608211590585,-0.62555079703511
i293,-0.869569756007995,-0.855350557269972,-0.871907760083282,-0.604964245694316,-0.782587765144016,-0.240082296049637
i294,-0.867072165024504,-0.925401973085557,-0.801993543150081,-0.756756104094016,-0.205664045549632,-0.523557358980078
i295,-0.853845418993381,-0.770861951484357,-0.953087118991061,-0.511826093552125,-0.469480894867979,-0.419109184328543
i296,-0.851546905356955,-0.965567681656025,-0.543941543913633,-0.935969864813749,-0.48102697948944,-0.201792206190131
i297,-0.867165081724274,-0.828507906893636,-0.965161852297621,-0.801500529284206,-0.557393935250914,-0.127766721891069
i298,-0.881927850255942,-0.913713126751146,-0.685242572786954,-0.952214634039795,-0.53813348298508,-0.418312683617784
i299,-0.886233903190847,-0.819450667956417,-0.886226556557192,-0.781910816858887,-0.303547856198067,-0.702817984223784
i300,-0.876289546700457,-0.827367101631847,-0.925731984790686,-0.69256624492696,-0.456101836667319,-0.544594522905055
i301,-0.874631309294846,-0.859824999489457,-0.971438296090555,-0.861605305711134,-0.113483799341411,-0.559239682640803
i302,-0.870310433324574,-0.774236704602832,-0.783458279039941,-0.900149036764071,-0.712820446971386,-0.105265271635238
i303,-0.86584042680613,-0.796375966807769,-0.724909533868211,-0.839041581961045,-0.605646387185976,-0.270660455795142
i304,-0.863736460900086,-0.878684238423307,-0.600882925112087,-0.982133261242778,-0.747462096888211,0.0764898467530475
i305,-0.864771609406828,-0.77761781303232,-0.946870861935691,-0.58966355981281,-0.720505501808705,-0.146765507115971
i306,-0.863108891294059,-0.914011938098786,-0.776645361065751,-0.598131531904015,-0.289047966650382,-0.562925789874373
i307,-0.865820390581024,-0.853308614981246,-0.880858637495392,-0.548017601047928,-0.341656324181917,-0.622742430760205
i308,-0.885634191827253,-0.80485927050863,-0.92885008527575,-0.784354025751767,-0.6010588122086,-0.344109126094035
i309,-0.886912556006031,-0.918114597803399,-0.8983632794718,-0.809491551630961,-0.689788096693149,-0.201114927800155
i310,-0.879198249018154,-0.81751064294339,-0.98991922984465,-0.899081685204394,-0.229433724644288,-0.512553791225413
i311,-0.869008096239369,-0.856190284047,-0.689280186365374,-0.930234689994084,-0.62819623943887,-0.147927152895138
i312,-0.863415905168332,-0.964346467199389,-0.588598503438183,-0.727049408494301,-0.576899939662594,-0.308738929813854
i313,-0.872239616553967,-0.84095040614539,-0.842486917128656,-0.839967240169152,-0.220452860710251,-0.58933556688901
i314,-0.862145671439542,-0.958812965753167,-0.515931368927395,-0.780362996466243,-0.964246948967809,0.0467051815057697
i315,-0.881974311785319,-0.833161404989556,-0.909741677034212,-0.774387224812682,-0.277808034076677,-0.715673803648972
i316,-0.886727231871994,-0.976980514284173,-0.668600671122559,-0.975446585088978,-0.46514849595385,-0.417808473912383
i317,-0.871430073452391,-0.923960667275877,-0.641694329085587,-0.787906045336267,-0.629955366580276,-0.380711611252673
i318,-0.877861742864965,-0.812065381556894,-0.880844589811999,-0.68873963515095,-0.48605713043409,-0.528420898185849
i319,-0.881574519252263,-0.885671152190779,-0.781165131315594,-0.870672616575859,-0.55015549467197,-0.299169693953676
i320,-0.884149581120031,-0.874785555290009,-0.749111543074501,-0.877813221146934,-0.551591987995681,-0.368196854443429
i321,-0.86226309985662,-0.825187674225859,-0.698594739755919,-0.903046375511274,-0.18535459875823,-0.530318832261434
i322,-0.874592555798135,-0.803749659325016,-0.825886752452104,-0.787525783496276,-0.374300036147615,-0.523974472772102
i323,-0.884932901978379,-0.951388782319994,-0.776516189334577,-0.741974401167919,-0.434494871796904,-0.599425303276357
i324,-0.85963140654047,-0.914658644993763,-0.826996173035844,-0.779926964382241,-0.290686261147103,-0.410575301625039
i325,-0.871405839714921,-0.808200067557695,-0.984166724576214,-0.606056417845749,-0.39407589119265,-0.452556773656142
i326,-0.860827785613159,-0.872334505281629,-0.685819843361627,-0.678228954975837,-0.809465965555434,-0.0646051742182766
i327,-0.862498419105141,-0.969713965995107,-0.568635750262297,-0.760197747697999,-0.330621152086788,-0.617223257319951
i328,-0.876625157543117,-0.917039336082503,-0.73693545775157,-0.824655251193829,-0.782664133088294,-0.14702663508441
i329,-0.857932014265657,-0.786947529236203,-0.861883510778728,-0.737566546720027,-0.608313896553821,-0.193474850607103
i330,-0.885204681441382,-0.958457668540844,-0.846080010474637,-0.724373192962434,-0.290272775855747,-0.66896791104281
i331,-0.87416104671399,-0.842414295017415,-0.93603287075741,-0.785140667504817,-0.259102933666935,-0.588548608919825
i332,-0.881252550771118,-0.783232401785653,-0.89018975113608,-0.679609485702641,-0.84983404167425,-0.175867817481417
i333,-0.884590816421276,-0.95315319165288,-0.795387193836963,-0.853252955749836,-0.155058340226222,-0.674551362737571
i334,-0.869776504628564,-0.789396090785935,-0.898395984143203,-0.954973841801773,-0.0380766528647473,-0.588980239569216
i335,-0.868175516671306,-0.919104076545626,-0.616528631060722,-0.909597883181163,-0.693669055470318,-0.143781514981192
i336,-0.88906471877592,-0.86088029867695,-0.756032495344923,-0.848936093009381,-0.604246052680031,-0.442604954508588
i337,-0.860629990374582,-0.976764454638853,-0.631911920013578,-0.751872937427676,-0.660172988236207,-0.21043218959093
i338,-0.873668653838006,-0.926443259327766,-0.783410342285514,-0.7518245715302,-0.407145755074078,-0.536778398519112
i339,-0.875444084677059,-0.802440370318263,-0.838661497247532,-0.784222856708812,-0.69042552430491,-0.1908075692888
i340,-0.873578466573858,-0.901905503838728,-0.929720339310884,-0.81599765075734,-0.182343993639872,-0.523586105840398
i341,-0.86594090756492,-0.967350842046297,-0.78612705178753,-0.606530399437415,-0.378253609637134,-0.522778468303083
i342,-0.866745479449185,-0.880189061321608,-0.905937804288223,-0.718111623521331,-0.687208129695034,-0.0545255944006474
i343,-0.888507711618538,-0.910707995086215,-0.756099055920405,-0.919257617458585,-0.400497596369206,-0.502819527147281
i344,-0.869083380859737,-0.816182276328703,-0.959080593932782,-0.584635408498772,-0.738638188387793,-0.156492266770261
i345,-0.866904261069099,-0.797855485808986,-0.793018297683163,-0.787093713392374,-0.853193457622116,-0.0903455940566903
i346,-0.889787765939967,-0.863245425724704,-0.931514178598307,-0.783690563401148,-0.671375496021684,-0.261933566290231
i347,-0.883257577449069,-0.887611695821517,-0.842117124970414,-0.864124905908567,-0.204624139918567,-0.720358338238282
i348,-0.87502919370726,-0.8841449545978,-0.871379853852758,-0.831980507657197,-0.715953431526398,-0.0116628737803041
i349,-0.866194072419981,-0.785712272270906,-0.769370532130078,-0.962033541921494,-0.448628473533362,-0.207111941959985
i350,-0.867974286567774,-0.908908276818317,-0.634651115211815,-0.917024093747154,-0.263307361911045,-0.493930417062979
i351,-0.881763645903083,-0.876313170058988,-0.882859500871309,-0.605552035734491,-0.788186117310467,-0.268892899094299
i352,-0.870096470446353,-0.979656642056773,-0.739357601727338,-0.844423888246892,-0.510503590604775,-0.281907989789846
i353,-0.867277468397137,-0.822313228276293,-0.686951160293633,-0.76641487017549,-0.735058614089646,-0.209224458483206
i354,-0.880190329994767,-0.912847928301934,-0.876001645526287,-0.776815235651011,-0.358596569022282,-0.475562603186435
i355,-0.86143246121449,-0.9381306531521,-0.612019214175967,-0.89320132504419,-0.429298878013051,-0.274503399724126
i356,-0.888428516109931,-0.953435073403023,-0.719603080468964,-0.956429441438198,-0.38735985679154,-0.472447292511945
i357,-0.869776016774983,-0.862691956012484,-0.891154101747425,-0.615139154329478,-0.252728956072423,-0.635643791004171
i358,-0.86418353992402,-0.962736757174337,-0.746636815153494,-0.652764932904832,-0.885249846003506,-0.0225132840901365
i359,-0.857616292952942,-0.986077793378686,-0.760965565895991,-0.887046358823766,-0.263748649891464,-0.287861587892138
i360,-0.864858643499371,-0.811196591422395,-0.72874705359416,-0.769592778980134,-0.884656221241034,-0.0739262989635329
i361,-0.85498480256899,-0.951582631237635,-0.739147586503213,-0.632536629410406,-0.726259974752644,-0.114539910413909
i362,-0.876624599172269,-0.97872172311237,-0.619104152002453,-0.911800592589588,-0.740441849270333,-0.209293058445783
i363,-0.856489066957805,-0.966771036145349,-0.820191839851519,-0.838391417663904,-0.203554738601021,-0.287090430346552
i364,-0.864924387398304,-0.824263227543909,-0.787356357636475,-0.799015986707999,-0.572165040242828,-0.259056558728732
i365,-0.858886295818433,-0.770630298604161,-0.882232060354277,-0.92871877799997,-0.0557100090633716,-0.513707551702271
i366,-0.884147723801106,-0.966373228635618,-0.85551383127151,-0.827654693764725,-0.203087205465404,-0.616614562235208
i367,-0.859600242237309,-0.853799071307805,-0.750318524394072,-0.880738517108837,-0.266607882021208,-0.445262078563732
i368,-0.866252862849205,-0.817709654613948,-0.986780043774593,-0.803968456013652,-0.492347011926002,-0.216957100729356
i369,-0.879492461797707,-0.970697030840172,-0.662616842364207,-0.770040599123672,-0.949286617596069,-0.0728102477198569
i370,-0.875052182272074,-0.977402961360534,-0.682146075840176,-0.714455466996863,-0.322401672102835,-0.604431655725044
i371,-0.882462108494559,-0.813559961247996,-0.745452923895533,-0.990066097286655,-0.357136330529184,-0.551045611151963
i372,-0.887178848173587,-0.898452520203633,-0.937245762712652,-0.556928216502159,-0.953445778308955,-0.134298626028364
i373,-0.869153741077796,-0.817140809154034,-0.871405860959595,-0.700024840973521,-0.6434674047131,-0.28048304208394
i374,-0.852663038968924,-0.768238278898556,-0.869587374855743,-0.778899419997452,-0.192751957349245,-0.50331341563008
i375,-0.884245783027396,-0.960859894223572,-0.601692630926141,-0.951567435094173,-0.496128017866393,-0.44982545125715
i376,-0.854125904398604,-0.957716420128178,-0.708856069713115,-0.746888640543595,-0.784698625401426,0.0855307530203986
i377,-0.859818075661056,-0.788633784850242,-0.693581739064046,-0.774085692425695,-0.715932732542742,-0.208552468127714
i378,-0.852804769109982,-0.922621818522798,-0.693484062160111,-0.618945557429657,-0.590291347047195,-0.281080634587083
i379,-0.856052465150259,-0.9507317203829,-0.857234485304287,-0.51719187514569,-0.441819746988968,-0.368103199244107
i380,-0.873092162689496,-0.804866589891911,-0.739005458945958,-0.969688688308675,-0.395014540537235,-0.385773796671321
i381,-0.861177510768359,-0.878812370726149,-0.841006437936799,-0.703089033864247,-0.235758929616858,-0.444248771002238
i382,-0.880148830793127,-0.886204170169385,-0.816235538036338,-0.896089201201625,-0.344851501279503,-0.468505498391134
i383,-0.873662847416997,-0.772966702125594,-0.830468902962078,-0.810129562170568,-0.362718641116994,-0.525697011280888
i384,-0.869202317811054,-0.967896952249851,-0.701175231170426,-0.698032046608097,-0.288288213487123,-0.66651600190579
i385,-0.876507125700341,-0.852800934625343,-0.922203537281094,-0.590317669945744,-0.297389837283935,-0.64487595301629
i386,-0.88112991267244,-0.957927516482955,-0.72998011888259,-0.738955619051191,-0.615497085227134,-0.343003921280819
i387,-0.8614314892318,-0.789233664798331,-0.820224204518317,-0.722070587412821,-0.689845133569955,-0.206690508225717
i388,-0.880035878889402,-0.801334949281176,-0.865774614127842,-0.797252144169721,-0.663634189787322,-0.279766048362808
i389,-0.868621211014802,-0.880978623475599,-0.898755430641917,-0.697068529352255,-0.284962681939873,-0.568634743527144
i390,-0.867291044382846,-0.918710504092028,-0.761843083623011,-0.986803571843716,-0.276466472208435,-0.280861334915567
i391,-0.878783036306679,-0.809772073090454,-0.836147702245869,-0.707545727703195,-0.449311459859863,-0.636536778040183
i392,-0.872878437482016,-0.898330624444138,-0.788076504527677,-0.626214763496072,-0.374528207099948,-0.602728774527201
i393,-0.875421843247192,-0.827380483073849,-0.720869780000031,-0.860719414481862,-0.73567965984996,-0.215432022822622
i394,-0.859352604601487,-0.939895170695705,-0.619544645642408,-0.805210206379902,-0.633183812280232,-0.184775739737066
i395,-0.882656497154766,-0.942385832634468,-0.907866816808574,-0.677979684742913,-0.720678030760395,-0.201551432053195
i396,-0.868952218805681,-0.970898412038279,-0.543981599632919,-0.779551236623417,-0.282756661669547,-0.657788490667993
i397,-0.873976314705769,-0.889882460012452,-0.93041297871991,-0.599673014825682,-0.36217256945361,-0.613218176482532
i398,-0.880927406620423,-0.890193460890905,-0.822194929732538,-0.88943331257353,-0.291762986919724,-0.482846004828513
i399,-0.867002915743332,-0.823565197811713,-0.703713065099695,-0.977261820962175,-0.480447355017906,-0.330841939301641
i400,-0.869761181503563,-0.843883569323552,-0.748076207137174,-0.975069571036628,-0.580108959911582,-0.111791126092751
i401,-0.881467807661234,-0.848917181896869,-0.703183745302711,-0.807229062922938,-0.911471343739016,-0.128121173985365
i402,-0.889497995892915,-0.922601698024044,-0.737874466557556,-0.828244540219949,-0.307152824267172,-0.701468376033546
i403,-0.860332217425121,-0.868024409044637,-0.796788839247016,-0.830766558731143,-0.504296387052493,-0.17788299608197
i404,-0.881677489246087,-0.888715253438098,-0.917339008909471,-0.749748813316859,-0.259731585222747,-0.621439137564261
i405,-0.869213786538298,-0.919361418260273,-0.903019373206026,-0.791392897497441,-0.111966996193323,-0.615761989416555
i406,-0.875342272301378,-0.835275480736256,-0.864021458135692,-0.692864398399415,-0.538784908364815,-0.43019721019796
i407,-0.873353312339592,-0.843233426783442,-0.858727226196601,-0.696459541327375,-0.398820157322,-0.48976350268138
i408,-0.87062908811801,-0.876951009781508,-0.688098873397233,-0.974717299820653,-0.150676249439384,-0.66902697699029
i409,-0.87331536948699,-0.973642172076725,-0.697960591898452,-0.685947547059548,-0.672455710376475,-0.310849292298328
i410,-0.880281627342316,-0.960845366402147,-0.819365059484062,-0.783092185708148,-0.271345362140245,-0.619264059634653
i411,-0.878074770575093,-0.93204758101786,-0.766790534116917,-0.723932014057368,-0.463252866736136,-0.544499676390321
i412,-0.88479156063405,-0.825890707880627,-0.969279643399032,-0.791903568800989,-0.622792623649812,-0.298964481674553
i413,-0.873520278352562,-0.81561877098102,-0.967529858879519,-0.538651687849966,-0.96103775233731,-0.0106247160593756
i414,-0.859107346511791,-0.848317832810873,-0.881023199653695,-0.732108960176337,-0.706814729104316,-0.0518600342868489
i415,-0.886766420086513,-0.918752760037205,-0.769309378919785,-0.828140713414481,-0.520305695647374,-0.479542233608428
i416,-0.874074457097847,-0.79322979509387,-0.902835490175645,-0.731467767274288,-0.566398648837413,-0.371417628217319
i417,-0.876880874217997,-0.82350637920914,-0.794214401479154,-0.948987722268885,-0.608758248721246,-0.253508908133098
i418,-0.86211172783879,-0.900602312641502,-0.624069317846613,-0.958058381730007,-0.120249997796352,-0.52031612742919
i419,-0.87322814074539,-0.855367775418231,-0.906215463356381,-0.565433711383171,-0.59457947140677,-0.449796948583362
i420,-0.853314626746795,-0.892114458661413,-0.706506638086304,-0.681943512108039,-0.22538231335166,-0.647931617434749
i421,-0.885559106192535,-0.957825029356471,-0.860471673353553,-0.852775390368802,-0.364662411554537,-0.439790219801265
i422,-0.880840949746006,-0.950780520220148,-0.694880075143136,-0.774470680034127,-0.693654416610371,-0.401492722989302
i423,-0.880595195237303,-0.95515695672078,-0.903601969434345,-0.649539989151879,-0.38161127687116,-0.624058018786023
i424,-0.880472903226757,-0.882938305647466,-0.831890420299879,-0.659533338854812,-0.382370836711673,-0.697496517609168
i425,-0.8618713740643,-0.927162196451981,-0.831247396390515,-0.746072593827398,-0.538785227254924,-0.210505686019688
i426,-0.856951880511314,-0.984932164808119,-0.596624428530345,-0.905286975413329,-0.397661831568556,-0.3027630118503
i427,-0.87677432663191,-0.870029083502906,-0.706876607580957,-0.785423543657659,-0.37272762245999,-0.636177356829077
i428,-0.870746428161821,-0.881650058772281,-0.942662372964631,-0.527020538878724,-0.402457627398072,-0.579666629646519
i429,-0.871247814615461,-0.872518631384399,-0.765589901517635,-0.876339432253546,-0.805666501787003,-0.0431590334366538
i430,-0.858970936710424,-0.880065377608589,-0.703746694900987,-0.93561821462563,-0.671238132617722,0.0512196659704973
i431,-0.855630907016022,-0.750978100883361,-0.97676530962655,-0.777203331677707,-0.261461887602935,-0.356216690907572
i432,-0.883584250644357,-0.928232370179543,-0.780380286074646,-0.820151597340235,-0.449119002782614,-0.448112788692713
i433,-0.859154204208655,-0.931830300264878,-0.859291124437474,-0.81182672121119,-0.452914948832912,-0.130208461068282
i434,-0.870695096388424,-0.948649779862669,-0.749669528100048,-0.97960394775568,-0.342280554307734,-0.312022945123472
i435,-0.869324463577998,-0.805669825915621,-0.737500760701773,-0.792778923440221,-0.468990980558939,-0.495068584859174
i436,-0.852037370269487,-0.963370873259036,-0.862100022416666,-0.793082213130938,-0.503447527104546,-0.0011064098807001
i437,-0.880996108924833,-0.828746436916361,-0.750684838784826,-0.861740866567792,-0.575744680915731,-0.431575597713407
i438,-0.860523434908302,-0.801969019257173,-0.933536483931705,-0.665487521872084,-0.791976567142044,-0.0399973486732196
i439,-0.876663851936546,-0.890400992604795,-0.685764594899793,-0.984147884642133,-0.764343876897057,-0.0438382772054204
i440,-0.887696741297605,-0.818825262510163,-0.770557125464999,-0.821982902153623,-0.802172146175498,-0.269158377968349
i441,-0.879161611935481,-0.847456736987289,-0.927589755585628,-0.657481457613431,-0.453908331821067,-0.513572004312599
i442,-0.865628500129913,-0.847705990611655,-0.85713081008177,-0.937280546601568,-0.151748217048869,-0.398298935201864
i443,-0.860669850166347,-0.84983711499022,-0.824104625460413,-0.682466048659439,-0.437958948517531,-0.389424663262954
i444,-0.859550117269226,-0.782859857074637,-0.824389340428678,-0.777217152790862,-0.850389627034232,0.0132875651152482
i445,-0.882881021337029,-0.799239045988053,-0.902021375162719,-0.696055994869555,-0.552911996733197,-0.527970988233652
i446,-0.876993399474419,-0.851823976969778,-0.719721994590929,-0.765691395097093,-0.505549435657632,-0.49774706203686
i447,-0.855440750309458,-0.95634598968452,-0.630937872035936,-0.933055936831256,-0.254151823757439,-0.362243611472422
i448,-0.877951475555792,-0.975509478140056,-0.565809007474103,-0.971049861625476,-0.217844276052974,-0.608938064038219
i449,-0.882608542752383,-0.94940618370012,-0.772822383805046,-0.942409316512014,-0.187532644847145,-0.616774108036642
i450,-0.873845250225048,-0.932314011444168,-0.868638698332325,-0.87186516495267,-0.102005709721164,-0.641188881066057
i451,-0.86177783055945,-0.875125744500609,-0.822494604846495,-0.763526730519082,-0.276944457864226,-0.50576951381532
i452,-0.854754227393634,-0.908062759909048,-0.886096450322376,-0.81319384322676,-0.502082016563218,-0.0588755956080296
i453,-0.87832519991611,-0.975257449898919,-0.826643404743253,-0.762493601592633,-0.146048595242059,-0.654892445581078
i454,-0.854131073851519,-0.878832747607198,-0.908633830253205,-0.714261540847802,-0.11021866618366,-0.511298687032096
i455,-0.884546572317912,-0.905334227839657,-0.708082864748841,-0.918572982198387,-0.576246844651838,-0.344337341292406
i456,-0.856105359675991,-0.927866428934025,-0.578337398933366,-0.872412750803063,-0.200556007662985,-0.595246546787482
i457,-0.862963270490276,-0.798260439638468,-0.884953215963487,-0.982027761699353,0.0185230024922443,-0.578960184714308
i458,-0.863122129041423,-0.879962874297593,-0.838110869435958,-0.662109217997053,-0.738934424056678,-0.133960054498904
i459,-0.864939040152152,-0.922571062463522,-0.67172124458834,-0.803255464503842,-0.334999065341225,-0.54828101997694
i460,-0.888430534745914,-0.971194913170987,-0.746448634954168,-0.916276117655146,-0.395749706251814,-0.486395192996889
i461,-0.862683439715725,-0.897003565990786,-0.728836017942053,-0.627746962578403,-0.648385530101179,-0.253247096299512
i462,-0.86818213630285,-0.884467650465336,-0.88162968130743,-0.845075012892889,-0.544225859574539,-0.0345952195538268
i463,-0.884699679491278,-0.946667747243847,-0.786365760937804,-0.931767300788386,-0.573869202216155,-0.233906346707177
i464,-0.862845210032747,-0.968345854465604,-0.718647733374122,-0.900753465884028,-0.593909221554382,0.0418633899967902
i465,-0.871819651914117,-0.84648312827262,-0.97470584028641,-0.529802505905837,-0.642121863805344,-0.383322820156227
i466,-0.877336212695644,-0.953997400185654,-0.626546468107542,-0.953858134577967,-0.244423801123235,-0.683150932116434
i467,-0.861481378513207,-0.925379601567934,-0.64104777062051,-0.84529700519738,-0.405330861769003,-0.364918514386079
i468,-0.86788923096169,-0.873683567540829,-0.938824221845476,-0.729025821285488,-0.724994212421669,-0.0301037456785773
i469,-0.878527866899549,-0.835250916837016,-0.903187899061801,-0.648855762438187,-0.505459701374517,-0.501313704254892
i470,-0.876750735293449,-0.814619059556046,-0.944608324667364,-0.566868089079336,-0.51275473626948,-0.504995176003321
i471,-0.864670198175935,-0.883035440875893,-0.779351763776965,-0.652451083563324,-0.466944473782075,-0.422499203709869
i472,-0.86995933518886,-0.902927068216621,-0.789737918852872,-0.976326538062543,-0.290570129667387,-0.409197242935868
i473,-0.876724324544949,-0.89185145438823,-0.667235614790746,-0.913252335299624,-0.797039729033548,-0.112247412223471
i474,-0.884261899818387,-0.839805931878502,-0.96288779013527,-0.829651482694312,-0.620421007388597,-0.194902442727947
i475,-0.874779263969172,-0.933319555993587,-0.648577609442103,-0.892887601630318,-0.25780267533876,-0.632630240947693
i476,-0.873233523586527,-0.805729205798854,-0.771015405128991,-0.728453352536348,-0.592580192082803,-0.367422766574262
i477,-0.876220224954696,-0.848959492076054,-0.830846127816993,-0.865652551961233,-0.346930218003171,-0.485320302054701
i478,-0.882550297975985,-0.979905105311995,-0.824608022355184,-0.551454542836669,-0.62664753730556,-0.423942637421672
i479,-0.881131728329318,-0.954268788165467,-0.713076150548187,-0.765107811810141,-0.663765818656263,-0.318140926222168
i480,-0.865575129264601,-0.835462157785337,-0.663989751186483,-0.841272591133638,-0.373788502424487,-0.436332829357148
i481,-0.869867469849697,-0.804740916445886,-0.96268067304801,-0.859176081940126,-0.635069251839705,-0.0337795517587958
i482,-0.868492882153408,-0.906533782706929,-0.725644733384839,-0.688347360015437,-0.895342241995571,-0.0274960206637415
i483,-0.878204487430716,-0.854927367669286,-0.783955045603132,-0.946448047483577,-0.178776810229875,-0.651241256054303
i484,-0.855234736268706,-0.759256870965839,-0.92115588690978,-0.647549302093861,-0.572881071118254,-0.243226823879266
i485,-0.85237527750464,-0.772012051998371,-0.93750068961645,-0.560084707748033,-0.841524823544755,-0.00314773446795069
i486,-0.877173440312153,-0.882636692653636,-0.769861131177992,-0.843462559330353,-0.258108197249061,-0.580294570883271
i487,-0.861879690797056,-0.843257974765833,-0.784782818796663,-0.829141260904053,-0.148059039173924,-0.541937367361687
i488,-0.854368690822926,-0.913042123304979,-0.83000585749071,-0.628182161440127,-0.667281578289777,-0.124123575569424
i489,-0.882589907422131,-0.969067520165556,-0.812835042411769,-0.820004468636206,-0.420576491450174,-0.426097248439995
i490,-0.889442418971003,-0.94439693330859,-0.814348651456807,-0.732667335472787,-0.801402927672747,-0.216585861736327
i491,-0.876438989373276,-0.968899038694456,-0.592453729026646,-0.783695831179003,-0.959452407306022,-0.046443439653779
i492,-0.872907280398401,-0.788029594346314,-0.916320475968653,-0.692074714680316,-0.629202442419442,-0.355664845160706
i493,-0.858606100230139,-0.894711490455946,-0.926318659921666,-0.550523657626459,-0.709928089027143,-0.121265011826887
i494,-0.879732607696052,-0.845979624702799,-0.830543653192387,-0.791074390753181,-0.393255535156788,-0.606752966739599
i495,-0.85888184599148,-0.810591742144273,-0.666993307568444,-0.912090539214239,-0.823842010908819,0.103092513916377
i496,-0.879799498589092,-0.902017796689595,-0.76251031188744,-0.810931731806028,-0.330389978669039,-0.631044882615935
i497,-0.869569512954618,-0.89949026929358,-0.707424188133002,-0.929921191793039,-0.177573882874037,-0.585641736986957
i498,-0.861765531597275,-0.811950026413776,-0.777674560662929,-0.832508511375788,-0.30804554999702,-0.497176082840242
i499,-0.863804588216202,-0.857032057671175,-0.809864456278515,-0.966047888963763,-0.0293792737558931,-0.522989013803479
i500,-0.865564099309003,-0.899600209361976,-0.841290438064454,-0.844816916886944,-0.115465359868675,-0.540319454458881
i501,-0.879077337007133,-0.929730056619694,-0.617977867375107,-0.861898099209341,-0.381807572958252,-0.610961311777716
i502,-0.856177897109465,-0.920986115347276,-0.748464544664164,-0.59763432617566,-0.443326052987619,-0.400906161014832
i503,-0.873067156928695,-0.846068666105607,-0.988185389690231,-0.784529864037991,-0.637731150537212,-0.115087763565089
i504,-0.884806769472627,-0.854662102819305,-0.812480219053049,-0.945293559810514,-0.387090094855433,-0.442325602270239
i505,-0.865737360763106,-0.875782965125205,-0.806131975790947,-0.661889801155339,-0.532321873043178,-0.394987291537405
i506,-0.871682319649627,-0.8012022272865,-0.971230409165634,-0.742660328773596,-0.380518273973912,-0.420762329091859
i507,-0.875463409346947,-0.978861842875696,-0.582051207192886,-0.801769658364349,-0.709700550250293,-0.348927401509561
i508,-0.862810958472312,-0.771274752727545,-0.83089013495934,-0.789492983399711,-0.198153702489139,-0.525024942056804
i509,-0.875347557842252,-0.857747076511723,-0.713861288399082,-0.902830235215338,-0.547589236354122,-0.294800221357429
i510,-0.854332825199791,-0.977127768810571,-0.802245134371477,-0.587910452218808,-0.437791297250865,-0.333544391867487
i511,-0.881847621916618,-0.797678773925839,-0.884729660605045,-0.909220684474036,-0.543325618985904,-0.328039169368921
i512,-0.872254564913152,-0.813537888715715,-0.806657243940532,-0.723007038709075,-0.35666868970918,-0.700690382003983
i513,-0.87262883847237,-0.931744219853139,-0.874830480376293,-0.73019415976965,-0.375181598412891,-0.435138609264436
i514,-0.871947218659255,-0.883954788918781,-0.646834966222535,-0.800463779305146,-0.620749533093901,-0.401895511412945
i515,-0.854528496674105,-0.914842533536588,-0.886107816434585,-0.502672119115485,-0.849714265386064,0.0402961090520295
i516,-0.875762217309513,-0.927603364721903,-0.874688385819953,-0.571706343342663,-0.675003934527377,-0.398521938472665
i517,-0.858983813527658,-0.881951758336608,-0.876775969662521,-0.706509206027981,-0.656018576580022,-0.0757956322401048
i518,-0.853248483300133,-0.803182171342449,-0.911493107268492,-0.891033615961902,-0.574432706290876,0.0574654843869047
i519,-0.865226411129761,-0.895015620272673,-0.776412528392301,-0.792883822981141,-0.681487295373344,-0.135046512033773
i520,-0.885483986965729,-0.796980047312172,-0.943836002469562,-0.750678913316235,-0.600717939278436,-0.39283763587417
i521,-0.880768873367101,-0.927509687653438,-0.654622676341022,-0.910603818071281,-0.779870981764904,-0.224376126716341
i522,-0.864964813574423,-0.805662444913947,-0.919322323271184,-0.630289040503004,-0.413773750646119,-0.48968313527826
i523,-0.877749170658303,-0.983118283396619,-0.672143786879954,-0.756077643582359,-0.820312978648859,-0.208748760407987
i524,-0.862586305799982,-0.813609113294504,-0.736594404356555,-0.711216002690865,-0.345828737590637,-0.589986997413163
i525,-0.876939740846335,-0.926217092572288,-0.895858295803954,-0.665250434249377,-0.317860353954372,-0.578695956367665
i526,-0.869140264027928,-0.940743249163879,-0.879287121378638,-0.828633551840841,-0.309064883201372,-0.372601554189765
i527,-0.868296445168305,-0.861070401853201,-0.967753462146633,-0.547297043614395,-0.613147297263774,-0.343185632458758
i528,-0.879617775911603,-0.787650784679489,-0.937896688349509,-0.849246770613012,-0.145130992085103,-0.657617550644499
i529,-0.862036161809797,-0.86842844552359,-0.757424042384842,-0.739645374125013,-0.644445396839624,-0.219712877671209
i530,-0.867225084240715,-0.797906405623684,-0.758460161622122,-0.745909757251757,-0.60706665312801,-0.347980404656912
i531,-0.883921103562222,-0.892624613847531,-0.846857430898293,-0.62838324268813,-0.463988710864355,-0.638382673553403
i532,-0.88824859270725,-0.913062141520839,-0.791563927309942,-0.887294076834298,-0.659544032212833,-0.242899848346588
i533,-0.878316429132868,-0.87726809234549,-0.875695953909325,-0.606463860574072,-0.657316351346912,-0.319727715740613
i534,-0.857992779432069,-0.924670575548855,-0.755488907816158,-0.675096902587317,-0.799217397636828,0.03075720827621
i535,-0.885538783615959,-0.860743899141108,-0.758265987962783,-0.918464693756134,-0.281623943803843,-0.654129132806546
i536,-0.887802129412459,-0.915603902657187,-0.913124413510332,-0.787459753359926,-0.691254207531635,-0.202036750860723
i537,-0.87020388394695,-0.953728314726692,-0.824310910363641,-0.765706662524888,-0.307379754213601,-0.373892599384077
i538,-0.864615867799379,-0.862815817518189,-0.950089538017206,-0.468155211146522,-0.556850872742812,-0.364901325814345
i539,-0.878929539294709,-0.964104560018105,-0.750479800109923,-0.636256855031971,-0.615618301825574,-0.45313889245959
i540,-0.859951163525607,-0.76717357439268,-0.70412171215176,-0.767119981956064,-0.584260831987174,-0.325273052111868
i541,-0.86426773468832,-0.92753707626213,-0.882726256321872,-0.611393709351609,-0.438279314461771,-0.412355160603651
i542,-0.870046048692614,-0.831613844564298,-0.731693087842867,-0.733228124340442,-0.834265759089826,-0.137788407448147
i543,-0.869910228664313,-0.819676388664447,-0.831346798404119,-0.969412346893606,-0.384624221576081,-0.346018764457382
i544,-0.885458656417268,-0.975230885180475,-0.735534754767128,-0.678044246442623,-0.840486476788483,-0.257379331814754
i545,-0.862745429084155,-0.938688702557536,-0.732104920782962,-0.892261984886103,-0.559231639056829,-0.0882215297016589
i546,-0.861755217837793,-0.851614817854485,-0.783827262255374,-0.923625359416154,-0.140063510432676,-0.456549039134525
i547,-0.879236489442951,-0.816361594710777,-0.910846794708396,-0.657117919518403,-0.503038608974441,-0.486265017913272
i548,-0.862938956513814,-0.829984940472608,-0.751578853523732,-0.885532804031706,-0.730974491090658,0.0470724915751219
i549,-0.863597881496894,-0.974052719660424,-0.517789410204575,-0.838460778818209,-0.187750146779893,-0.647502396574647
i550,-0.881379655484024,-0.858235424989484,-0.844890014330811,-0.950141557822847,-0.520088998026441,-0.268405947515692
i551,-0.860206148776215,-0.795686784995974,-0.851980858020036,-0.751127039274152,-0.656398435654267,-0.194856410224748
i552,-0.886289470888265,-0.974190332921875,-0.796498335323929,-0.880469648551415,-0.21639449240796,-0.613220635070731
i553,-0.869899116053231,-0.962590666754209,-0.651047589187872,-0.971099312401717,-0.652946119809895,-0.00983942188569487
i554,-0.870302231134153,-0.907003231228605,-0.633697787218046,-0.9308480588823,-0.739249161870779,-0.0689909639404357
i555,-0.852640319601661,-0.784107711043031,-0.761271744325309,-0.765580460982496,-0.305123765157267,-0.525426537895334
i556,-0.859464215188365,-0.840912718582518,-0.986153801125497,-0.420440421272176,-0.934354474271399,0.0146840600369349
i557,-0.873278829703583,-0.822172702291082,-0.829815192942942,-0.866699298995887,-0.598364306651251,-0.257673376544759
i558,-0.86142919084635,-0.79103726407141,-0.89345630923761,-0.649772267387211,-0.687676365487079,-0.169973266905819
i559,-0.868780225570319,-0.845836570196371,-0.835434687218455,-0.682734604498774,-0.720619182690604,-0.114090106806065
i560,-0.888127033529689,-0.88162465265385,-0.695669509425277,-0.877854498117689,-0.679348676718075,-0.347047325791094
i561,-0.871763223342768,-0.896296429032652,-0.935426057543713,-0.68958094102025,-0.751912773198713,-0.0310322565716726
i562,-0.875869661263333,-0.90774235515647,-0.700056357598299,-0.906708024718644,-0.664196945423653,-0.220534134764054
i563,-0.87242253661024,-0.965397908553293,-0.63350966971148,-0.901620805973714,-0.106710005197009,-0.653043118715581
i564,-0.866321205772283,-0.984045582310909,-0.862654055721912,-0.769419833804664,-0.594599714982583,-0.0996805449451891
i565,-0.878982736298025,-0.83510389172487,-0.873669239770341,-0.807535664395371,-0.669596573090149,-0.26586928069802
i566,-0.857988930056082,-0.842890522097882,-0.9065429697337,-0.791166888090365,-0.519160766598743,-0.1166632882256
i567,-0.868493656100852,-0.928811818894633,-0.706267721976247,-0.930742284263846,-0.205012137674953,-0.474397905794344
i568,-0.864955977441073,-0.953765471755201,-0.683025340089151,-0.816580359977889,-0.193335638099043,-0.651842499211919
i569,-0.854482732180548,-0.907653573366048,-0.675982158799804,-0.778539268710498,-0.203586246864973,-0.582802089027172
i570,-0.884550013693081,-0.873857975857906,-0.876544956403598,-0.804642015442302,-0.734975079237959,-0.208479915180476
i571,-0.874702632257754,-0.949014132115861,-0.705469372551049,-0.828974864075681,-0.798177588216749,-0.126370545852177
i572,-0.870360830457147,-0.976611164367096,-0.667999747959378,-0.779099124188068,-0.820608898363475,-0.0293731718459916
i573,-0.875438101303325,-0.964664654361441,-0.871045972496979,-0.663684408499396,-0.512943563079865,-0.292945395361533
i574,-0.862336271573384,-0.922239586220009,-0.876906294614858,-0.458764056890007,-0.431211605759744,-0.520810344961853
i575,-0.866821375488599,-0.87066792055584,-0.703999080641682,-0.984558474694507,-0.110098790766655,-0.660564481145434
i576,-0.857074497700783,-0.893708020184259,-0.880783275635165,-0.776274446891276,-0.325246802654873,-0.251151716764299
i577,-0.860160540385545,-0.771304104477727,-0.852308396589385,-0.788181057249993,-0.235409084828566,-0.46363131762441
i578,-0.870942934643585,-0.872638787206858,-0.779145844154638,-0.755087110584386,-0.456871832691451,-0.366132775010154
i579,-0.866034472153705,-0.81548292691958,-0.890832996993713,-0.916323527231501,-0.295619251050865,-0.388326300522941
i580,-0.860089767409109,-0.876639322150736,-0.712206799723938,-0.977551922827798,-0.595935186160153,-0.0167593798181603
i581,-0.880497028709559,-0.915178220745824,-0.719694091701577,-0.933783903518874,-0.356058718084536,-0.500122239017247
i582,-0.854686412657802,-0.946244305632936,-0.535707919296018,-0.798370222595299,-0.948835802827146,0.0777952939737265
i583,-0.865639449760014,-0.826409689841351,-0.862965050162675,-0.910568782835259,-0.00538699159043698,-0.606051628973437
i584,-0.860513205823752,-0.911037395520823,-0.730663128056892,-0.779742941786621,-0.768594661838618,0.021515901293202
i585,-0.881901813261705,-0.888776805246813,-0.759939393416479,-0.850305299091231,-0.738530192971756,-0.237697403927172
i586,-0.874251122625099,-0.849134919476317,-0.688835348281083,-0.977851882759488,-0.578026477795283,-0.180701383113071
i587,-0.858723874611314,-0.815728139346388,-0.655705325091393,-0.893457791346118,-0.8084368016633,0.0191075307387631
i588,-0.863399915316878,-0.887808168751196,-0.785732261585791,-0.618053372070706,-0.823433395941024,-0.051916016365359
i589,-0.884489269828064,-0.982123798444349,-0.774101621897814,-0.707616836888335,-0.642399955664182,-0.385406953865728
i590,-0.87344537139905,-0.943775443884736,-0.835891086780884,-0.616056087067569,-0.758559968800553,-0.131548159337005
i591,-0.860260148937243,-0.925350436625459,-0.752011033941612,-0.853130775972211,-0.639222781316245,0.0764457863765666
i592,-0.864627837238455,-0.872617079813492,-0.70335447683574,-0.685290745721657,-0.850209650723448,-0.0674619958794126
i593,-0.883282804125768,-0.938513069217669,-0.722817943345877,-0.788953834174376,-0.824896154701068,-0.143528801930026
i594,-0.869970696509755,-0.866016901935822,-0.891764876300062,-0.85878598458363,-0.146962720300073,-0.598109501863991
i595,-0.879405611537726,-0.861379444495294,-0.793629081041208,-0.817148082828125,-0.770817449773584,-0.225558553962921
i596,-0.884452219935999,-0.8437040221888,-0.93516405230864,-0.705611870988416,-0.347096741355407,-0.643640147933809
i597,-0.875741918706864,-0.939627769088391,-0.896063887112687,-0.814382460052955,-0.502623933873744,-0.231186598721128
i598,-0.865464101032901,-0.943485631742474,-0.814363212197149,-0.859707966055349,-0.419602264060335,-0.162415649691193
i599,-0.869701332478197,-0.818993884674001,-0.837592302569384,-0.694105683845474,-0.395277173953113,-0.606677748148853
i600,-0.855865530932918,-0.945685051913861,-0.796259545769818,-0.802799059730465,-0.479868959504954,-0.135617705020084
i601,-0.866614498120223,-0.836000799615782,-0.887735342394324,-0.927275267604839,-0.470137325437655,-0.150987628515557
i602,-0.863007760534268,-0.864300803191626,-0.812672163718805,-0.87327819158005,-0.142025275815217,-0.542212566547758
i603,-0.867994451028319,-0.95878274355502,-0.778561638766378,-0.683265361111875,-0.627379938628681,-0.247763186819644
i604,-0.884207238446263,-0.884802575013483,-0.860422581373276,-0.7491573972579,-0.37673531700973,-0.609080448542166
i605,-0.874288092904949,-0.911118987000331,-0.799967879093092,-0.95125990081302,-0.0552572459285031,-0.638562961721653
i606,-0.869644133573505,-0.926602426424095,-0.606696031508756,-0.870113673102852,-0.768736104840818,-0.164290396229151
i607,-0.88936884155912,-0.885426684852454,-0.799168030501477,-0.710939820999364,-0.455917384948959,-0.639821172490573
i608,-0.864167854365549,-0.796415186868909,-0.880530931089202,-0.649177575222139,-0.295943586457069,-0.591775238079693
i609,-0.875382467188035,-0.905460705270914,-0.863297634262466,-0.835937995182041,-0.233226750318967,-0.565469492229854
i610,-0.854047428302271,-0.911863545350482,-0.633859576785138,-0.930603258435887,-0.374152285710884,-0.248026468520908
i611,-0.88625960208748,-0.912431457323985,-0.822758453264307,-0.740431664037384,-0.569489128887696,-0.435301350991409
i612,-0.880921581856807,-0.938844117499267,-0.819031515844894,-0.966073271561823,-0.247187294186411,-0.547093333087186
i613,-0.875868996076148,-0.814145035439253,-0.915397239440954,-0.822882869849673,-0.303783571553577,-0.586088577125253
i614,-0.858121777549549,-0.772776997469079,-0.869915530479288,-0.980341898651632,0.0559230035121798,-0.610985658811427
i615,-0.876292760974966,-0.838663352806515,-0.762469272642796,-0.883337526516149,-0.596341424207717,-0.239905318427386
i616,-0.877179720899032,-0.969736298949255,-0.573221954879873,-0.930314507977356,-0.586579914576887,-0.335113875169394
i617,-0.882101522729358,-0.822256880623505,-0.796246566238476,-0.717534172397776,-0.479644324649355,-0.58677972790175
i618,-0.852897688118202,-0.930492275726867,-0.533811259036428,-0.89724450523461,-0.326463605867968,-0.417508004886932
i619,-0.86619393206744,-0.832928180980762,-0.947996002660277,-0.640866425634079,-0.77882182764807,0.0116459669386828
i620,-0.883030150711576,-0.809724374745734,-0.98427831925308,-0.644564224506948,-0.707957194904874,-0.317210802105482
i621,-0.868038813769304,-0.966478395376383,-0.610636950005606,-0.774836117773912,-0.498697120238245,-0.406257508752107
i622,-0.873289507642914,-0.929809267940657,-0.606594420222107,-0.799489761237302,-0.351611578938502,-0.639880173633136
i623,-0.863560452728581,-0.819988008772715,-0.734184323231802,-0.949094533949242,-0.230321472327404,-0.501309962987881
i624,-0.863859802120018,-0.878234603002669,-0.879083507629711,-0.842094151502697,0.0387103460818825,-0.659589733339239
i625,-0.878771973643852,-0.875399178644282,-0.817242853082011,-0.711355419321127,-0.669470723128059,-0.376036149591209
i626,-0.866129139325056,-0.969106718932343,-0.678164229498171,-0.930726702582158,-0.301253653429623,-0.434168272236416
i627,-0.866995361408223,-0.877417506952865,-0.64759154746914,-0.917839580387794,-0.619942731951389,-0.238336167408328
i628,-0.870568192699195,-0.781119669285813,-0.739530713789264,-0.906312645021268,-0.673161649218903,-0.192116286748403
i629,-0.872947037056225,-0.839763194430392,-0.945646363969875,-0.867208718171978,-0.154594072983186,-0.540072829285449
i630,-0.868264057025814,-0.787416408146855,-0.959630600491017,-0.930833682854302,-0.218580035495614,-0.387633311459407
i631,-0.860676284378252,-0.981037114128066,-0.665703623079847,-0.909568075012164,-0.690694761733799,0.00831070104829323
i632,-0.865593658490659,-0.840269483715241,-0.838290624202368,-0.787938716186608,-0.205701221730089,-0.636269500363954
i633,-0.872959935258984,-0.967571213589863,-0.856777556649768,-0.744037740850171,-0.54084842968112,-0.166219913639863
i634,-0.879611041187607,-0.856085410989351,-0.942326402891135,-0.742292651506376,-0.633868878055027,-0.308446339712737
i635,-0.867958274599765,-0.983216377978096,-0.773841705511698,-0.702986766266698,-0.28611393524205,-0.584149787539012
i636,-0.882501937085875,-0.879503499600026,-0.96270404518839,-0.800494597003397,-0.659279906555046,-0.145393417805709
i637,-0.858861802289193,-0.930591264101487,-0.686244099385408,-0.691634264766259,-0.796556790734795,-0.111399207936526
i638,-0.859016717759057,-0.89204191328433,-0.795169316518909,-0.541358299481309,-0.610011845885579,-0.2602702257262
i639,-0.857836750942622,-0.760239854046223,-0.865805647832352,-0.731909333894283,-0.83798213576299,0.0669503043342934
i640,-0.871164192587232,-0.952203197201526,-0.83323197435366,-0.634158502032213,-0.437536429076481,-0.497573132148544
i641,-0.858561670244364,-0.887208224227447,-0.611907495314779,-0.938364860440451,-0.794831454220464,0.0278024770239975
i642,-0.868447296625834,-0.974040292384996,-0.695394751242193,-0.840204544246831,-0.385064977139798,-0.447071861980009
i643,-0.853970037785681,-0.799376898293067,-0.808567000360373,-0.893068674860835,-0.453025779111412,-0.210823922994606
i644,-0.875854446224497,-0.855018946580165,-0.984588306279176,-0.820077389885989,0.00636158840366341,-0.678662506172317
i645,-0.85890020253983,-0.988233802147377,-0.676018984519311,-0.859379424359986,-0.211623463291217,-0.485539437055655
i646,-0.865857772265917,-0.775982444595294,-0.953156263307077,-0.631664827774526,-0.728934175584841,-0.155053258285095
i647,-0.887346079694678,-0.9455693154043,-0.713924698651049,-0.988983263103417,-0.491856992813289,-0.348830684867806
i648,-0.869016215962215,-0.939094517536316,-0.855656599601521,-0.675582690108773,-0.512180276345148,-0.277563419899539
i649,-0.88233461998442,-0.832974925958804,-0.798708188997046,-0.770955001930138,-0.400402893574112,-0.619117440769165
i650,-0.875110176553323,-0.768027075382659,-0.891259480956503,-0.832780410856364,-0.551498137931816,-0.247421284420924
i651,-0.882570158422966,-0.885571860650622,-0.835004636694733,-0.859727908588301,-0.361985147318232,-0.500584656771349
i652,-0.85407550893043,-0.965406429160447,-0.610539706438125,-0.725346517020633,-0.479314227441527,-0.323437104431938
i653,-0.867374168445917,-0.97294946736345,-0.520160938418414,-0.886290771463299,-0.459320413630779,-0.385793376777945
i654,-0.88106564556383,-0.942315194956705,-0.797034518419889,-0.647798420980664,-0.676223415494027,-0.339095948715865
i655,-0.860805886472361,-0.93064646264698,-0.777450296061983,-0.714907461052432,-0.453737987051131,-0.363055670013696
i656,-0.863282289247813,-0.816652136752349,-0.779761442788726,-0.945915180391839,-0.354875959149724,-0.382669110222494
i657,-0.863683708145369,-0.788130673789894,-0.78369176065148,-0.930231635870094,-0.191591159812714,-0.472482922155962
i658,-0.882559361139417,-0.957397045302023,-0.587284074846121,-0.795219324237608,-0.375534180836194,-0.697762943644234
i659,-0.877444081909111,-0.950702022435041,-0.768613482709604,-0.958143632281474,-0.17764127590053,-0.572516994962981
i660,-0.880489999687908,-0.978904527302886,-0.700904814913859,-0.724502842412993,-0.452588008007506,-0.55344355471584
i661,-0.880344961516664,-0.926912338410061,-0.649140660758385,-0.963796833958911,-0.37715882467497,-0.512526544439931
i662,-0.852606563167282,-0.8372938357064,-0.948780800597499,-0.446972762257611,-0.608294734371377,-0.270107863958214
i663,-0.85886410360321,-0.759352880988612,-0.81951021522201,-0.718671555390336,-0.557027567799178,-0.263647741566931
i664,-0.856310300982896,-0.978647016458161,-0.548367768144572,-0.896691326624458,-0.405557881829037,-0.315404709357244
i665,-0.884348296215676,-0.859088671102807,-0.906673489847529,-0.654001339640703,-0.659154852113285,-0.428079767188026
i666,-0.880417474190892,-0.941497199589476,-0.758052222282166,-0.677512887320028,-0.519860648733688,-0.498591456039384
i667,-0.878227676330885,-0.952975465070433,-0.669663751951267,-0.903969169736247,-0.222482016140191,-0.627064306025696
i668,-0.877001908869306,-0.846365496277918,-0.869739183104936,-0.978244623549001,-0.203124769273217,-0.535363123407413
i669,-0.850633327351113,-0.758758341800542,-0.957329639911431,-0.87162104736539,-0.0809668272785331,-0.438205474072623
i670,-0.875315554541281,-0.921681911223995,-0.924023489220304,-0.492013075865804,-0.556267865465403,-0.504895511828709
i671,-0.868453440262692,-0.843960282391716,-0.986617167908828,-0.63906482815141,-0.715243503325879,-0.0344889071018409
i672,-0.876623310285063,-0.846119759896295,-0.971851449221372,-0.51008120995867,-0.611708530919076,-0.388903492935522
i673,-0.862843859612618,-0.952654050438243,-0.851955952823753,-0.822436146472524,-0.242199352270548,-0.246986019610073
i674,-0.87387266365378,-0.789587395541658,-0.896810010409529,-0.893634591294621,-0.531800282740974,-0.252364872838076
i675,-0.855184171045389,-0.938801794151166,-0.809184910283026,-0.53596919842946,-0.263300326035082,-0.601372268962961
i676,-0.877518437399577,-0.890206281638556,-0.850109884985469,-0.954345847647186,-0.120201015420345,-0.606413705526734
i677,-0.882003358918938,-0.831008384214878,-0.77327483724706,-0.775237992382673,-0.899800417818234,-0.200771622279629
i678,-0.876358772415762,-0.861295162586338,-0.712638480717862,-0.955129807796422,-0.700710611893919,-0.204543373580783
i679,-0.875517486024874,-0.881783860137669,-0.650838487936225,-0.799794796897193,-0.974581776136172,-0.0165861159740699
i680,-0.858741296847144,-0.902264995400641,-0.926321019089424,-0.59501558082481,-0.122923621277659,-0.627550526321403
i681,-0.86612062112517,-0.95817752656769,-0.562968031017596,-0.864121731785064,-0.787298268874538,-0.0811289018013015
i682,-0.86725909754287,-0.940971329911006,-0.809885774588333,-0.573202126004658,-0.525014779768776,-0.436770281784544
i683,-0.860743914692145,-0.841354817805791,-0.966583226800932,-0.545508937903347,-0.441510873141839,-0.44084628168792
i684,-0.873272951092905,-0.912480360651986,-0.684843181502089,-0.888280665647766,-0.317539240042494,-0.586579185461898
i685,-0.873555052816349,-0.954936151892229,-0.683048665604587,-0.744267008853694,-0.331221867782845,-0.615644299145086
i686,-0.868433724264365,-0.804650612609766,-0.83536109462752,-0.724920115674007,-0.481102386295076,-0.388924327752644
i687,-0.873278453247963,-0.971961982470503,-0.880340546982355,-0.732915402083051,-0.319895981308269,-0.486759357694554
i688,-0.870105393759366,-0.814246323541045,-0.946537827316745,-0.754038192075451,-0.713083461581582,-0.14461863080884
i689,-0.865769229327421,-0.878665238156808,-0.652676942951884,-0.834775289856778,-0.782253983975564,-0.0763058002992957
i690,-0.870405799122226,-0.958067816095207,-0.750706859149373,-0.790231837763664,-0.476137665286743,-0.38645050094132
i691,-0.869198091370531,-0.839953567275988,-0.939029189077926,-0.648559538630764,-0.37874331273837,-0.542436054420176
i692,-0.88036638471306,-0.907767578342929,-0.721256575299438,-0.829866729091356,-0.39119142828809,-0.576501884257733
i693,-0.865213333514808,-0.949436183992997,-0.824404280190813,-0.565699217851222,-0.612606812605173,-0.241361624755913
i694,-0.864489393665588,-0.966686302875794,-0.665195683060559,-0.7633199316333,-0.796603706745657,0.00851076628037317
i695,-0.877588912053364,-0.804170602881621,-0.82584177111527,-0.852930851496068,-0.506253370534273,-0.344854176789383
i696,-0.887323847342079,-0.839819550870326,-0.986129059328369,-0.676835223340676,-0.544952283077756,-0.439586548673999
i697,-0.863011501374703,-0.936082963035999,-0.847196443403929,-0.565134803521401,-0.872770354237409,-0.0210089976478227
i698,-0.873145675538542,-0.934074708919649,-0.865880729684436,-0.657954324744194,-0.398425306851668,-0.486597005516494
i699,-0.85581931337051,-0.851744836487928,-0.717232492533674,-0.735645515981289,-0.594238615165962,-0.230002278073738
i700,-0.865781579183041,-0.974756830394994,-0.553200370984185,-0.725112979000564,-0.715298150892768,-0.229785163408736
i701,-0.878404942176573,-0.814405443056905,-0.876901669904959,-0.805837907055914,-0.377077368531201,-0.492721783495954
i702,-0.875741096216622,-0.78747647687545,-0.90184868489796,-0.877719435215909,-0.494742560998109,-0.301850311039901
i703,-0.883756063980163,-0.844066707180337,-0.854356948197627,-0.80882265796101,-0.285169080768603,-0.663354735576753
i704,-0.862708050013108,-0.784704335544694,-0.931320050955094,-0.863192883330936,-0.11184510225248,-0.5526994187458
i705,-0.877831079078217,-0.971455802758808,-0.830229949088056,-0.854513032693386,-0.679342497224962,-0.114177067477853
i706,-0.861478841608967,-0.772556531438138,-0.938505914842412,-0.617044153383346,-0.252760722408691,-0.564768641379881
i707,-0.889696989183809,-0.832002293433032,-0.797553530646086,-0.915926186511256,-0.453043827299601,-0.512317515934332
i708,-0.882136667551719,-0.874237825390241,-0.968550103413274,-0.722477608617572,-0.741763296214864,-0.193309933942129
i709,-0.865953621629511,-0.753992146294983,-0.866294047850307,-0.916390381889507,-0.149783191390205,-0.498984598541449
i710,-0.881091299118005,-0.954333951733333,-0.690455827021283,-0.781292787561587,-0.646279405087008,-0.434059401719926
i711,-0.860724211748151,-0.753467477395546,-0.796508876036962,-0.705599849438852,-0.569643296616423,-0.32461784744646
i712,-0.867306334655137,-0.975499556026652,-0.771206478961238,-0.870924047877164,-0.490423840896641,-0.0770318564364845
i713,-0.886104306602686,-0.916724769802771,-0.732630970392208,-0.904115163241336,-0.29393608333504,-0.628531784344036
i714,-0.874212383393423,-0.875034627835007,-0.860310210930868,-0.6822806270228,-0.334956077576201,-0.581296563868764
i715,-0.868974084827694,-0.87072285583946,-0.65583104651306,-0.891042770289085,-0.600378563169745,-0.254437451050699
i716,-0.861883717120005,-0.897804433747682,-0.773212423355017,-0.656657128567456,-0.710985586825345,-0.230355397547434
i717,-0.88084266768531,-0.906646513640155,-0.87292854721784,-0.707698556015448,-0.36147878025977,-0.585400980239012
i718,-0.878698404938036,-0.953911425628065,-0.872818269100315,-0.54125039186734,-0.563891293585942,-0.527821932607067
i719,-0.868321859504256,-0.950711728703184,-0.63743040594359,-0.882704387609933,-0.516183327290113,-0.321338915057166
i720,-0.873896405979176,-0.807331670079904,-0.741331536158618,-0.758294438956031,-0.360035969621522,-0.651292351279932
i721,-0.882406954439823,-0.860370003680071,-0.840040816658866,-0.874793719826022,-0.189845881229881,-0.703520274735068
i722,-0.881989494261228,-0.91439889483206,-0.791817474758715,-0.896616536662355,-0.257435720383453,-0.534664357102142
i723,-0.877158208635671,-0.957494194956067,-0.693820193597006,-0.953848610840686,-0.431403135362398,-0.427767189323853
i724,-0.888911410602607,-0.939761447515883,-0.634699741122538,-0.850201252828051,-0.868892500322329,-0.202513595205498
i725,-0.871953907009761,-0.935098497031527,-0.721647049175689,-0.721115963797443,-0.310440162400837,-0.675022873771217
i726,-0.867893730182837,-0.780512715192065,-0.73079134035728,-0.897212115054241,-0.467366727357236,-0.323124249484588
i727,-0.867662697295511,-0.764489247075189,-0.801757780901378,-0.793393961853264,-0.397521830261085,-0.485301145186069
i728,-0.856085848700845,-0.970099387869625,-0.641542766152664,-0.802383548342772,-0.762003307164558,0.0612916459536166
i729,-0.873633916402691,-0.917977646422239,-0.764359497701782,-0.657413001718806,-0.4847562179646,-0.479875249205394
i730,-0.861052231660954,-0.974940620916285,-0.791197812562548,-0.779650003773578,-0.204548036982329,-0.50855583490279
i731,-0.871723969973472,-0.868691908819928,-0.831763976944105,-0.862254580221579,-0.409684376346477,-0.407171395292424
i732,-0.88076698346032,-0.939974858956554,-0.680191853925672,-0.794136273984699,-0.422938981837898,-0.579113278118157
i733,-0.856917326042657,-0.892804290365322,-0.803200427213306,-0.741442388507282,-0.464346043955565,-0.213229405825944
i734,-0.881600286588258,-0.89469399862466,-0.685692292602232,-0.904828851462197,-0.481769302524973,-0.482777060765631
i735,-0.869881188891726,-0.932795534384589,-0.69460556312837,-0.92333798050578,-0.36598161766535,-0.381780425622247
i736,-0.850376483213671,-0.871306256072149,-0.761784307561552,-0.795140214393218,-0.165233194874279,-0.507714988021396
i737,-0.858768532858642,-0.800029258405973,-0.818267087601081,-0.885180446401521,-0.186998621369973,-0.44495919834712
i738,-0.864251777738121,-0.964553823617032,-0.676817271391661,-0.749241061992134,-0.322524317725191,-0.537001932434466
i739,-0.884865789180392,-0.843044461265712,-0.819266612315682,-0.817070803172502,-0.369987488168957,-0.610551936878387
i740,-0.86329703165629,-0.887362989197766,-0.902899602961007,-0.819817689275863,-0.633168716575047,0.0323789839079465
i741,-0.872271505567318,-0.760797889972936,-0.977030528481973,-0.923641250775475,-0.0681075650534875,-0.520009111495017
i742,-0.856471818992334,-0.893728136177328,-0.641188811134652,-0.781035399340806,-0.43425542628426,-0.434494153583891
i743,-0.85918482489913,-0.875868564894231,-0.898545518561469,-0.690106260983547,-0.171270745087351,-0.567100599371517
i744,-0.885828156431686,-0.972110552007639,-0.795812628240245,-0.878399511146002,-0.624357172527075,-0.235602293136122
i745,-0.868338769564108,-0.783892201809629,-0.806048908542672,-0.767925722568727,-0.282300389913311,-0.672127146250984
i746,-0.872965240196931,-0.867797832017684,-0.812209668722884,-0.761718068207361,-0.331272877604752,-0.595397174252609
i747,-0.858577352136504,-0.889631909771429,-0.806257764805429,-0.953361443674918,-0.0654188095088888,-0.426160863024465
i748,-0.884564028160959,-0.805638077594449,-0.770336393491282,-0.958852315694462,-0.336058717176668,-0.569320822503822
i749,-0.882653948578386,-0.815010813818357,-0.760181351707742,-0.884415981622424,-0.730423507917083,-0.283013239404809
i750,-0.869290673225829,-0.967969084032489,-0.636550356871348,-0.820185282499776,-0.405388811969654,-0.528770493972312
i751,-0.86108414945398,-0.938920775355462,-0.817512453919244,-0.851071673170373,-0.185967841271425,-0.441533911086
i752,-0.8616194322631,-0.858927237800687,-0.673937877964656,-0.986746483933239,-0.724770359113092,0.0436604982742534
i753,-0.86588412356002,-0.945946441204657,-0.766672717889528,-0.769906221290332,-0.082351091336229,-0.647512704216099
i754,-0.863141019886678,-0.932410019901403,-0.580680186385043,-0.801132248313923,-0.269830870881618,-0.620455279943779
i755,-0.880864510923887,-0.949996029409893,-0.77718097531493,-0.630586937127197,-0.624210343005106,-0.406917098817019
i756,-0.869828345475303,-0.87688951630423,-0.638312838027342,-0.838613069953926,-0.432119456229291,-0.444289927240606
i757,-0.884291643664,-0.871924859803411,-0.871205702123653,-0.961257947946055,-0.438639425514496,-0.328678977133402
i758,-0.860914445258189,-0.892760564629144,-0.857378214215258,-0.495429666146998,-0.36499734419863,-0.503663610668031
i759,-0.876071951141809,-0.964074550036412,-0.682670042904679,-0.818001379968087,-0.5694338059445,-0.284944108492302
i760,-0.865895478425452,-0.920005237118985,-0.849563815461735,-0.552952507373524,-0.761098538636034,-0.185587486038878
i761,-0.866817469747555,-0.880460779358341,-0.855608192112308,-0.588546930837175,-0.650974627342531,-0.28985802809136
i762,-0.869594325381718,-0.785773406779739,-0.797038946955804,-0.820291237861806,-0.869224069571551,-0.0879795406918523
i763,-0.884494675543429,-0.968287551201325,-0.847702150990995,-0.835155941439874,-0.320445145053978,-0.511215128819234
i764,-0.881049202421059,-0.865375655103872,-0.865793163173199,-0.805258555235313,-0.597735258921679,-0.278914159435748
i765,-0.882439243716333,-0.869243783432471,-0.789391575536072,-0.813856196180752,-0.763881770961263,-0.174014791910488
i766,-0.87058835183078,-0.825725443738982,-0.763005466674318,-0.915818493272967,-0.314125410339916,-0.489830133124153
i767,-0.877994805015726,-0.904340999172416,-0.802098030724096,-0.828174900055769,-0.227655085213636,-0.671146498494497
i768,-0.873029558978766,-0.961999055733623,-0.872183554471314,-0.606188549303314,-0.275437210364017,-0.660272384306459
i769,-0.884057565782277,-0.944681896615631,-0.638863538657487,-0.986932062774575,-0.534978892541615,-0.331652376168884
i770,-0.871361016432059,-0.802194590758803,-0.913809427582082,-0.931594136813985,-0.00626366889215713,-0.650481264582335
i771,-0.870187686509318,-0.771762739327177,-0.908530753569212,-0.985183612885684,-0.254594988845582,-0.30185640781229
i772,-0.87715629910404,-0.9614701261212,-0.814799952892406,-0.586245402756685,-0.502750776432349,-0.461177087008857
i773,-0.854897243837625,-0.875848715519101,-0.690968053006974,-0.819342876385033,-0.644884888275772,-0.0817888658311178
i774,-0.857176313878365,-0.92979332812122,-0.720090726140171,-0.841567001365041,-0.0585317585221787,-0.647542604106313
i775,-0.890532967705681,-0.841249577638509,-0.78899368460995,-0.766301699306123,-0.404152457531302,-0.70852950853579
i776,-0.856730825895748,-0.820501053484152,-0.959431561809651,-0.867669428294065,-0.371609624803983,-0.12113952641296
i777,-0.865601957418354,-0.939316527852216,-0.820281025306981,-0.855707018666196,-0.139604853668925,-0.551206471284906
i778,-0.864148972249551,-0.824654792635479,-0.840494787048615,-0.844456255570786,-0.731496346666897,-0.0202360504732447
i779,-0.868129074335864,-0.794346450720431,-0.897028525126079,-0.875890058343391,-0.229332427524406,-0.410618664115071
i780,-0.887247548288507,-0.916292715153502,-0.904001651189796,-0.660094813878271,-0.449056058407959,-0.577912907195488
i781,-0.862196798636181,-0.782435500859726,-0.878131554337329,-0.891250925755284,-0.305748359375884,-0.381777228616852
i782,-0.866772439073384,-0.977285317750266,-0.808071504845427,-0.687364915706001,-0.380332283043775,-0.335304177868102
i783,-0.884519582556739,-0.87289970353529,-0.697678486271835,-0.944903087091972,-0.673999277905789,-0.273973035516995
i784,-0.867724102965167,-0.949949742597031,-0.769038940277619,-0.612741697257376,-0.620698419407477,-0.27452129512017
i785,-0.866073148874516,-0.908784149522802,-0.913344960500416,-0.459226396388999,-0.803095867709543,-0.132945959477341
i786,-0.866356324695644,-0.896964687211323,-0.794277343047621,-0.968881719184701,-0.141833026313734,-0.406196826878191
i787,-0.854306068148138,-0.841589657730261,-0.640867921441717,-0.943382758044122,-0.10530353123447,-0.638184622604793
i788,-0.871455560909547,-0.908184249521374,-0.845977681052499,-0.700313190627762,-0.715632097751784,-0.0908726259870022
i789,-0.857398141960447,-0.930469418806321,-0.893124142488459,-0.683319406687762,-0.611026398329091,0.0130700685191805
i790,-0.855832077986323,-0.812127199833783,-0.776783660037501,-0.693728181498965,-0.454924146764967,-0.402876099500457
i791,-0.884606686761469,-0.955409827353308,-0.825057727423522,-0.885879408189281,-0.392311252875797,-0.435653897277878
i792,-0.857724775678201,-0.763414367136187,-0.877419093515894,-0.636648868226804,-0.308367995319766,-0.615002621907198
i793,-0.86759544885775,-0.929960363149774,-0.666660216303187,-0.863679650484322,-0.339620392024822,-0.511705593883769
i794,-0.880705616510005,-0.96577633095557,-0.837250791885342,-0.670336966556789,-0.866463824541078,-0.105413712565968
i795,-0.886235239017923,-0.843900443902144,-0.741607015601707,-0.919396658556968,-0.754580103718331,-0.252055682055505
i796,-0.860626218692218,-0.752175795634189,-0.906776367732872,-0.701581138045135,-0.218072542348274,-0.524384864546344
i797,-0.880996191493203,-0.92472484601211,-0.921401198937269,-0.540267843490001,-0.44410594617117,-0.665832006069907
i798,-0.870941586607392,-0.838799535761887,-0.851509064421676,-0.62519941673337,-0.70663867062499,-0.202276650129446
i799,-0.854652453224107,-0.927853389552106,-0.587700804005511,-0.915965998906718,-0.17188462272578,-0.533215162801718
i800,-0.868617514141178,-0.934214057193572,-0.876194574822217,-0.635338840094658,-0.160341361957828,-0.59391429649812
