Row,j1,j2,j3,j4,j5,j6
i1,0.595760505078267,-0.997956469884571,-0.924483611020402,-0.915495609175282,-0.898688979801501,-0.826343811627343
i2,0.857892180418063,-0.999279624737102,-0.921665065603779,-0.890694991274817,-0.867872038438979,-0.821791399554342
i3,0.747113215294053,-0.998787694476404,-0.944959062642101,-0.910341032381109,-0.878370261378216,-0.806085419785148
i4,0.93083886456289,-0.999511697647958,-0.9379388852031,-0.910195163605139,-0.888873587583183,-0.790287728595257
i5,0.629460042879959,-0.998371201998696,-0.942618583673092,-0.897224133855672,-0.881270184487424,-0.868536699950108
i6,0.848677422885762,-0.999726842673859,-0.921919260951544,-0.91968812051633,-0.898380122906789,-0.855489711914874
i7,0.788917597971927,-0.999314103153338,-0.945025884756584,-0.894409358476744,-0.868415729558262,-0.79167623922905
i8,0.764061336669636,-0.998763386795683,-0.920449580615092,-0.9122705833248,-0.897383360856311,-0.860694318868318
i9,0.676603436529383,-0.998143155654699,-0.943758534204535,-0.902012330544104,-0.867109968733332,-0.837708874883613
i10,0.975156283662107,-0.998715831342015,-0.939453152133268,-0.924818231286575,-0.873301222261414,-0.844425493028499
i11,0.578478535541227,-0.998690650994878,-0.943368016854086,-0.902309140531645,-0.884276225905926,-0.852587117244406
i12,0.695557929540886,-0.999041735883651,-0.92285284172259,-0.896789306790667,-0.875816444041412,-0.83718519145141
i13,0.781335889899002,-0.998557607092396,-0.941225930416141,-0.907864191191468,-0.895994021651763,-0.843395553205331
i14,1,-0.999336377555617,-0.933983362476473,-0.920873468997693,-0.897555400068917,-0.860301548532684
i15,0.617473437202785,-0.99885474832963,-0.931778355802788,-0.92228286541391,-0.905452156971752,-0.858507794144278
i16,0.621693343779485,-0.998264673735208,-0.939708100587575,-0.902524603842508,-0.882239983846079,-0.828293163579711
i17,0.615473889963018,-0.998736011011044,-0.935535889739909,-0.913440955300024,-0.881107130598015,-0.824333347456926
i18,0.664158747836394,-0.998343329940844,-0.91679159007552,-0.894065604883305,-0.876637432468832,-0.838246924066786
i19,0.881350334898725,-0.998020780807532,-0.940340966824416,-0.922372254490486,-0.891859334283346,-0.818418657401422
i20,0.846894899447134,-0.998199613730602,-0.924173144004916,-0.897091186161216,-0.883422752536455,-0.838102436688695
i21,0.616874687158697,-0.998985846812012,-0.938292083966646,-0.899831193234606,-0.88319366637698,-0.799032419264341
i22,0.558104004302612,-0.999320003237807,-0.921197450563321,-0.89886478985547,-0.892747345796921,-0.796771413014788
i23,0.965961036633897,-0.998764746719231,-0.922161396860724,-0.919719369902887,-0.893177633800313,-0.845708547843517
i24,0.88629449220335,-0.998410269712104,-0.923334414209393,-0.912624106708353,-0.891309701784799,-0.86510032800004
i25,0.820226050673396,-0.99876632604501,-0.923044601011548,-0.897485396254477,-0.88911283274343,-0.836849080164009
i26,0.704966849092711,-0.998095678934379,-0.943161376323904,-0.920946073470981,-0.902469411184822,-0.82828677549813
i27,0.824027047985696,-0.997638509833659,-0.936539038518507,-0.893732492571319,-0.893314161006744,-0.839329666485748
i28,0.724565823565936,-0.999393007193123,-0.931914121007704,-0.904615085492903,-0.903183542055003,-0.809371055124226
i29,0.836358679468042,-0.998068878447517,-0.929310667475335,-0.893233324704371,-0.890729746520464,-0.842339148543879
i30,0.800802435757187,-0.999093039668381,-0.932506963840795,-0.889692028597538,-0.870266765325755,-0.846992362363076
i31,0.631302696921504,-0.998209805826954,-0.938173789861794,-0.90261515896006,-0.894762840142961,-0.805344925209099
i32,0.582948210122633,-0.998337000978173,-0.9350735279152,-0.914756358394516,-0.897353797553982,-0.832545262966015
i33,0.878795823152461,-0.998846221628693,-0.943086372937923,-0.924847642746983,-0.897100139181302,-0.806118447016992
i34,0.781868923675159,-0.998677792153411,-0.932850203115236,-0.890259044453887,-0.886591052989153,-0.829014458642252
i35,0.780311183007564,-0.99870306836243,-0.944067412539651,-0.899590283826063,-0.878224937614823,-0.859724947434623
i36,0.556604769338324,-0.998709849966263,-0.915888186731947,-0.902598390141725,-0.900065770871007,-0.819378608162427
i37,0.75208214617942,-0.998707443840606,-0.9392559909445,-0.902350552351081,-0.877479407731498,-0.829986467399725
i38,0.768321764402328,-0.998473826133952,-0.937115390983106,-0.917865703989781,-0.883998645486176,-0.810876755664085
i39,0.654645064457325,-0.998032436643565,-0.941988301080103,-0.891289933774529,-0.88403444116569,-0.843406732493016
i40,0.927538760734908,-0.998810315266649,-0.917701871514881,-0.917066476120251,-0.905860653908484,-0.807034356316996
i41,0.968966031504123,-0.998188155899027,-0.92595843753092,-0.919880421837988,-0.882616205941883,-0.795385657519321
i42,0.994974705148582,-0.999637657766325,-0.919260611792325,-0.889072134134091,-0.884188997520067,-0.865505406663937
i43,0.840662275893518,-0.999456768297076,-0.918462512941987,-0.890571954211108,-0.884190597303344,-0.805480093736075
i44,0.653366274308608,-0.999721333060696,-0.944316380439781,-0.893522407675159,-0.875025437086558,-0.809912374200215
i45,0.764774927027663,-0.99881503630868,-0.931787775477154,-0.908847136357498,-0.888545947193626,-0.795579265635915
i46,0.830539242290915,-0.999174929879787,-0.93278542011495,-0.907305073344693,-0.906690349986251,-0.847789546982283
i47,0.569223742148449,-0.998206998344997,-0.930791965796983,-0.895481461999983,-0.880357727141769,-0.799671095397022
i48,0.585857231422062,-0.998336453526863,-0.918446990345821,-0.909032326900157,-0.906316156306495,-0.801188907540987
i49,0.629217341012455,-0.999206103786804,-0.918906116288422,-0.907591973243011,-0.875443028303728,-0.801115948542859
i50,0.649466729678236,-0.999097759676745,-0.926842112059529,-0.922426990540469,-0.882854677320319,-0.860191534303121
i51,0.899866617223372,-0.998549526361366,-0.919442609424361,-0.907755389462902,-0.890884968458597,-0.814529435012436
i52,0.546492265651588,-0.999290238964069,-0.926004944181086,-0.889914633622954,-0.877864617396094,-0.794703346940912
i53,0.564769884961955,-0.998587094636467,-0.934890389161803,-0.914635253889422,-0.882489072884375,-0.842739990105954
i54,0.918889473382002,-0.999259334599355,-0.938466654077611,-0.912115814025824,-0.873406359378589,-0.846334888764152
i55,0.608955679540573,-0.999183574645068,-0.939778875626733,-0.898581796720148,-0.875342705157033,-0.820826083461096
i56,0.683518749258081,-0.998905923648545,-0.945250469879516,-0.920469838711051,-0.876950834062444,-0.799176879344433
i57,0.634837825809306,-0.998756536113485,-0.93126166364107,-0.897277313588736,-0.89347397643624,-0.805816363770163
i58,0.623706457593149,-0.999054626446434,-0.931311538595649,-0.895475789164577,-0.879377878129341,-0.854198210922477
i59,0.626907746533763,-0.998803666441845,-0.936921478244797,-0.9005445737079,-0.881537284827233,-0.797152625951469
i60,0.980863006881592,-0.998320763587887,-0.922581473135005,-0.917654449386477,-0.899714123155642,-0.809715291602171
i61,0.799755482568593,-0.998601842615228,-0.922573573532083,-0.888965073022284,-0.885984461932839,-0.861595277607267
i62,0.902512455333983,-0.998486256079845,-0.93624124571407,-0.893220262681195,-0.889322438062542,-0.789973571925721
i63,0.931299665666013,-0.999007274604437,-0.930926648288581,-0.895971525096165,-0.882810452035174,-0.821540261011989
i64,0.755883274465584,-0.998820371140152,-0.933515923052642,-0.906112718888076,-0.900233913927197,-0.823385527502276
i65,0.556061592115716,-0.998640848767269,-0.934662540272823,-0.905142809335059,-0.876043566323313,-0.83966847986404
i66,0.687777718770971,-0.999449840629351,-0.929987343602821,-0.916950893067204,-0.895045278202692,-0.806638644826491
i67,0.637513127100634,-0.998273766544792,-0.922579252906275,-0.905646655064719,-0.905355292943467,-0.841573038077875
i68,0.936867913491959,-0.999510635791121,-0.934419383980437,-0.917305381445596,-0.883153539532875,-0.850648839073942
i69,0.708519828004535,-0.998843626649755,-0.926268344718997,-0.913215357954094,-0.897138587773383,-0.855882324013578
i70,0.685745676139388,-0.998599105912837,-0.936349273833965,-0.917491747326237,-0.878635489191609,-0.860186675659345
i71,0.792739570482883,-0.997920570088414,-0.933240857146384,-0.90708107425476,-0.869536504363052,-0.854415298217307
i72,0.638187951218337,-0.99939992816072,-0.94176985228216,-0.906367013975068,-0.878407193195016,-0.798749575242885
i73,0.591414121281978,-0.9988155035177,-0.924291927867692,-0.894584712243884,-0.886111498021962,-0.838995347206906
i74,0.661326113545641,-0.998302580644814,-0.930164578139929,-0.911638992758439,-0.871321030151164,-0.805363225720896
i75,0.718126782244376,-0.998246760435857,-0.934486841545531,-0.923938571578334,-0.877250195651704,-0.792679465612148
i76,0.864482534137434,-0.999679518468232,-0.930419966973721,-0.895820319875356,-0.888415482190363,-0.825542512189728
i77,0.735131698006249,-0.998405478739465,-0.943682420523568,-0.900419853180773,-0.88445441977683,-0.831857012424619
i78,0.815538181612218,-0.998350156156293,-0.92791586616572,-0.895045764466945,-0.871405165129329,-0.848979427967581
i79,0.679134361032353,-0.99813854744248,-0.926877897759194,-0.920220529148691,-0.906299559594149,-0.836316070878787
i80,0.87937692653508,-0.99824822569951,-0.93542608192333,-0.923638263965932,-0.903211823963692,-0.786038385366335
i81,0.69883146674719,-0.998933269745281,-0.938764619469289,-0.894975864938779,-0.867856412813549,-0.843683250037388
i82,0.989292863823105,-0.999127659168091,-0.934217299973806,-0.895836821328947,-0.888895074781027,-0.858219959984405
i83,0.729126150618225,-0.998783079689407,-0.944541479657701,-0.889152267989645,-0.873053137536551,-0.825903441246823
i84,0.757289666758963,-0.999187388605773,-0.939616314128892,-0.924604643786309,-0.878061516095798,-0.806623813522369
i85,0.833126910525507,-0.999293328670647,-0.941893188388732,-0.897299330642481,-0.882591753773778,-0.840900705555525
i86,0.900596392370799,-0.998080254255945,-0.92471817406829,-0.919425317203654,-0.867340966689595,-0.862799377692558
i87,0.656502468198443,-0.998834955551261,-0.924000107387086,-0.913864235642946,-0.87261920246711,-0.796421226726061
i88,0.625483163368638,-0.998851590537636,-0.945123201956711,-0.911310059444615,-0.906212993207259,-0.812308047845077
i89,0.991303384758518,-0.999744587869324,-0.925674848972069,-0.908980934165448,-0.900567064442072,-0.856890808646871
i90,0.911108878965981,-0.998949399591834,-0.918080656877028,-0.89161071297365,-0.877010243268214,-0.813530551468387
i91,0.687896406917708,-0.999206220476331,-0.926021831934458,-0.897144010390699,-0.882388366782334,-0.852593876194895
i92,0.693343972467281,-0.999059950186706,-0.944936637496785,-0.901162697685297,-0.87744639631878,-0.793530554454599
i93,0.635428336398427,-0.999649044893177,-0.944148183873426,-0.894068376667114,-0.879004126290305,-0.787992173306799
i94,0.855395845408176,-0.998589858993197,-0.933012560745811,-0.923074423829891,-0.895141651097704,-0.822549975889453
i95,0.631121858599416,-0.999421561854448,-0.940992827242276,-0.925696345953481,-0.868250761711365,-0.84515125538448
i96,0.664797153744752,-0.999194165424307,-0.935492079028678,-0.923272610128099,-0.883909696841133,-0.83031604234199
i97,0.831473673642055,-0.998065443109422,-0.936946712717601,-0.922237101015156,-0.889901490617729,-0.868559553436597
i98,0.589976456000713,-0.999277586843172,-0.917110875739328,-0.892648949618229,-0.874505419671707,-0.835341512130752
i99,0.581961963039144,-0.998370782569189,-0.937651745321841,-0.914151820402963,-0.890424327565677,-0.821391105645373
i100,0.88533653069142,-0.999085267557316,-0.933370759015712,-0.921061728944367,-0.89835712260708,-0.79415024775101
i101,0.694331407849198,-0.99805715336489,-0.937372617151108,-0.920120352173566,-0.893630353978859,-0.845775182283501
i102,0.823015327248319,-0.998233264386809,-0.922434944831435,-0.897400996685201,-0.883927367299703,-0.808210149045295
i103,0.755477048138786,-0.998460434069815,-0.924401403214268,-0.909321139061621,-0.882043742466938,-0.863409028613268
i104,0.889054497599277,-0.999420898023766,-0.922933829992112,-0.902544142779731,-0.898298635278583,-0.80364177250328
i105,0.825191838716575,-0.998509749139535,-0.938227491860353,-0.922526778535125,-0.907159218866982,-0.807212308344057
i106,0.675495326346787,-0.998281372196503,-0.932457496298436,-0.899273584517927,-0.880476815401921,-0.834854689922845
i107,0.967612942869532,-0.998992892518437,-0.940353301778907,-0.892326113920682,-0.885453376360705,-0.820030874937008
i108,0.764422804581969,-0.998344283171391,-0.94477372436023,-0.915848758762617,-0.904706466010831,-0.836218369636985
i109,0.594024595187198,-0.998660738216128,-0.928996177113294,-0.892309232151044,-0.869246389979154,-0.836411188068293
i110,0.920300182348895,-0.999002758062137,-0.933747709742018,-0.919322772884213,-0.873624148735607,-0.807061366009255
i111,0.954596144526875,-0.998658249449092,-0.939890436532674,-0.892318675571349,-0.888980097691384,-0.796923538719808
i112,0.828847561346812,-0.999025156092848,-0.921730038120018,-0.899570103378731,-0.868942989818303,-0.811766147303592
i113,0.696421481269302,-0.998630887624455,-0.936026945832256,-0.890091703396721,-0.879765889480903,-0.813474122426588
i114,0.792375407540339,-0.999511256700723,-0.929822517396483,-0.909516520405893,-0.897687571244801,-0.818232485021256
i115,0.583011224673116,-0.998415481747479,-0.936293958823553,-0.891293756995457,-0.887237491397994,-0.839263728109716
i116,0.700180633179503,-0.998988792207318,-0.919806218708759,-0.912552928455335,-0.869259117462325,-0.849042394029576
i117,0.965156699076336,-0.998218576839567,-0.943043935286337,-0.923259118389303,-0.868548310058514,-0.818815678458492
i118,0.931018293370153,-0.998189047208217,-0.931225587396759,-0.901624086643987,-0.876033091948787,-0.803924724135807
i119,0.630278798328542,-0.998741631246375,-0.942243534521928,-0.918065005049525,-0.906226961225407,-0.851461946008134
i120,0.917702764624631,-0.999493205629004,-0.92440163052646,-0.912862849761574,-0.88651039224512,-0.805718184281631
i121,0.663300586073996,-0.997816119487972,-0.929542972832471,-0.904018803985555,-0.884552583320219,-0.828810026087404
i122,0.833375331543141,-0.999393305137931,-0.91769408373754,-0.905946381558639,-0.877896511417737,-0.786753657239081
i123,0.797153563568607,-0.999213108608685,-0.925660640599516,-0.901949204556121,-0.873568152996299,-0.835694876638342
i124,0.803889049079808,-0.998420269008604,-0.936747260799001,-0.895469695242772,-0.881554737733675,-0.786943727685123
i125,0.935613700960962,-0.997898240326186,-0.931913140511778,-0.895818407488291,-0.891642260182553,-0.82470848636192
i126,0.58982950278819,-0.998928673506263,-0.925818296734477,-0.90932981139103,-0.892677130483686,-0.807537629615274
i127,0.939447633751566,-0.999113753522782,-0.92699615575651,-0.914842253022631,-0.906293357078929,-0.845880031591687
i128,0.880842440607339,-0.998956097206425,-0.942447034980121,-0.900978554400904,-0.891501086450545,-0.789226747084964
i129,0.74289945499824,-0.998620048570744,-0.923228864411085,-0.905414193580907,-0.8998315793671,-0.791007141469067
i130,0.635883306293808,-0.998199083498934,-0.91999965902393,-0.89641791095827,-0.874831919637741,-0.856070572247402
i131,0.613284582495431,-0.99838010722512,-0.925733047914728,-0.900213028190594,-0.867281168889359,-0.861312745954057
i132,0.879860440579865,-0.998376352415307,-0.924164084032349,-0.915099568078174,-0.892424055983392,-0.852171480436551
i133,0.672030549146073,-0.998278917930416,-0.942667965714052,-0.910913880839153,-0.896831426089805,-0.822466925168079
i134,0.80340736639369,-0.998562832708246,-0.934414181782988,-0.89541663310667,-0.87407088781636,-0.829051303287451
i135,0.797442013845246,-0.998367054668866,-0.944143055669381,-0.890351641579252,-0.884447088145506,-0.843998295777957
i136,0.868689370056382,-0.998130681664124,-0.921721992690066,-0.9097359252242,-0.898349661015215,-0.792393709583666
i137,0.995727995735646,-0.999357926815223,-0.939911559896092,-0.889519253894891,-0.880858535058548,-0.837934424968119
i138,0.75933327460166,-0.99827363664323,-0.935241820568003,-0.92167707719018,-0.906902996213685,-0.822255308252795
i139,0.887262529551919,-0.997767204298971,-0.943204959648469,-0.89153959615512,-0.889099589841774,-0.861110628229294
i140,0.786341385675583,-0.998556961990495,-0.920966046696978,-0.903289356285388,-0.88647235120916,-0.830887272366695
i141,0.997741528428995,-0.999053423594952,-0.940124327847061,-0.8953985797159,-0.883247972482512,-0.810274545526739
i142,0.600058769326224,-0.999280485430632,-0.92239687933468,-0.892998423548096,-0.88607515402194,-0.861963611701218
i143,0.97856526849136,-0.998974515111455,-0.916824403091152,-0.896107557453171,-0.895830125558124,-0.820240977294692
i144,0.607191744803189,-0.998109579923229,-0.934419189158256,-0.891959506868884,-0.868099242690632,-0.830713162642598
i145,0.599477854222913,-0.998836949550757,-0.921428855107924,-0.911656983677292,-0.875257525139307,-0.866137895683519
i146,0.958542882658575,-0.998285706345165,-0.940976563853813,-0.89352349953056,-0.871607919777045,-0.803918077747012
i147,0.975231256806443,-0.999047366311077,-0.91937071875251,-0.902991307700478,-0.899703441877828,-0.821291477047093
i148,0.845446647870991,-0.998001913648869,-0.930521752542792,-0.889220297366907,-0.868578711197963,-0.866620675986536
i149,0.799759564484243,-0.998722081507503,-0.940240920952984,-0.914826761111089,-0.900388770913749,-0.838558101724416
i150,0.614865431446144,-0.997862489896378,-0.925370916898054,-0.914548742943034,-0.875631740487452,-0.81633934876773
i151,0.861857802283738,-0.999597406810927,-0.927520055787302,-0.893235857766341,-0.886675093044144,-0.857191645532878
i152,0.72831978690258,-0.998249816768325,-0.927682192742133,-0.912368229016075,-0.876180357956264,-0.867083026909673
i153,0.810596889700661,-0.998224492677906,-0.922409846016158,-0.917859969696098,-0.890350520738206,-0.818712529612962
i154,0.99709472961354,-0.999314985068963,-0.936939818316441,-0.907275253528343,-0.874905328708751,-0.816085788386656
i155,0.552307754232888,-0.999682882331723,-0.916781027727879,-0.903962664057204,-0.869949897954958,-0.817426065269863
i156,0.823243062027097,-0.998443610022708,-0.932095902123059,-0.925331133790799,-0.888337012813449,-0.838981990696923
i157,0.610237995290406,-0.998287154398307,-0.932110968716294,-0.921931429995889,-0.89310599286735,-0.800241421771497
i158,0.91429431825037,-0.998971734918823,-0.930564736218142,-0.898744828293235,-0.890911542080829,-0.835144805863846
i159,0.582224578671485,-0.998948719464434,-0.943703262336555,-0.923578029105895,-0.892092583026336,-0.794796295013589
i160,0.690636324851198,-0.998459578475671,-0.932411530294824,-0.912634794936087,-0.880544171670507,-0.8684594109876
i161,0.655949755942692,-0.999019330025297,-0.938381449610125,-0.914491536798122,-0.868610836595475,-0.800419086757601
i162,0.578052046220403,-0.998354738933933,-0.939141162102701,-0.891477155889225,-0.877405224862222,-0.838071319982383
i163,0.660874754688171,-0.998448050422038,-0.930044692773104,-0.8989989439357,-0.8835923353105,-0.841152752258171
i164,0.776931000898776,-0.998147663149484,-0.926095341886993,-0.921815520818596,-0.86797342709545,-0.84238093219688
i165,0.722214942246509,-0.997990517628448,-0.941419962077419,-0.91593202836688,-0.885287036025417,-0.846883011888773
i166,0.548519498472688,-0.998642220330518,-0.937820575502632,-0.917559482138203,-0.876949255850375,-0.799782057046011
i167,0.604195573720656,-0.999317127038124,-0.923818299692879,-0.912656044321527,-0.896228947909327,-0.846766706454938
i168,0.962310871828555,-0.999765221086033,-0.930387593796356,-0.911675174787911,-0.872705350443565,-0.833851940770096
i169,0.663070487430133,-0.998401953503563,-0.940413949043768,-0.89448940313978,-0.88361698915834,-0.812536884348665
i170,0.891220175076656,-0.998650224030933,-0.934876816820575,-0.921183087468742,-0.88831710352492,-0.793363769857025
i171,0.99133423006762,-0.998079128577752,-0.942039860156075,-0.920283816923271,-0.889968859570952,-0.788273118396111
i172,0.806988405072047,-0.99875802928752,-0.923824556102332,-0.918007016496546,-0.900151584447298,-0.82235860219704
i173,0.756279511865001,-0.998797413600992,-0.937004063107818,-0.924164916338444,-0.872400037819159,-0.8642897181392
i174,0.598866701733441,-0.99886461601099,-0.925415296862189,-0.904013536685073,-0.90215879536818,-0.790988607019815
i175,0.793629449041812,-0.998263492965236,-0.92553356846708,-0.894124746725382,-0.876411484898451,-0.840461648887793
i176,0.862929550703798,-0.997778916368759,-0.93768857711389,-0.913299921554765,-0.908123783521708,-0.86398126123583
i177,0.867250930350383,-0.998796403119257,-0.93091716958162,-0.925196012966897,-0.905070543489851,-0.848435001079212
i178,0.650691052974671,-0.998737626964113,-0.931045071953378,-0.909196532137501,-0.90235856751437,-0.861758201886668
i179,0.765348231459563,-0.998318633167747,-0.93335968372604,-0.899975026513442,-0.869755948054187,-0.816775614392012
i180,0.795763150644902,-0.998482926425833,-0.919795435073451,-0.902278308573351,-0.876199644112255,-0.827458845401271
i181,0.740992686981701,-0.998444647596392,-0.919570940640887,-0.916071946499365,-0.885886044097616,-0.794521768814027
i182,0.84823728186185,-0.999403572092918,-0.934845449246964,-0.918229884727598,-0.875265844001183,-0.85117438451961
i183,0.97017626363483,-0.997997297245499,-0.928129913646106,-0.915634434910214,-0.885192993549167,-0.811327744308864
i184,0.837470210679475,-0.999464919559409,-0.921217492648499,-0.902192952588641,-0.871218733427333,-0.789417614087585
i185,0.620003815192101,-0.998673918733488,-0.922744172323095,-0.913888495113533,-0.873534625394674,-0.797935989501612
i186,0.649926962412134,-0.998885024336447,-0.939051233482985,-0.910734138951127,-0.873724651013442,-0.817756210242381
i187,0.716824754246286,-0.99881503176742,-0.939884058722617,-0.903008935172454,-0.899674874123946,-0.817031606926306
i188,0.683913003440656,-0.998009473256777,-0.9379441065823,-0.917222167380495,-0.881273842630776,-0.82729702692053
i189,0.808798783018059,-0.998670202011477,-0.919869330669105,-0.904891635315947,-0.867444820558601,-0.811249167065579
i190,0.996562625475624,-0.998467097385021,-0.932626818563757,-0.913045746821334,-0.870996451539463,-0.835211795130093
i191,0.659321229810833,-0.999314148777169,-0.93681487568913,-0.898618035890694,-0.87943218988665,-0.846288657496079
i192,0.809087757972279,-0.999689405535328,-0.932610491870028,-0.918979399328184,-0.899280922571302,-0.825519182057157
i193,0.668921057015224,-0.999386166732164,-0.928105158184887,-0.892157213769968,-0.88219581634764,-0.828032852451255
i194,0.962013387231729,-0.998911566911508,-0.924463304301946,-0.923560944511248,-0.907567636965173,-0.789249979227619
i195,0.595179100140719,-0.998621117984329,-0.93977890270793,-0.895868892621396,-0.874556072575163,-0.861027402200305
i196,0.755176606230197,-0.99924001627805,-0.91910653201993,-0.901108266384694,-0.879490302158531,-0.85200642518683
i197,0.910280978780822,-0.999099233380794,-0.934804384934158,-0.922891096462457,-0.872921576815995,-0.853603095842363
i198,0.92355244893063,-0.998804947280257,-0.918910198093302,-0.911563403698292,-0.901644428432612,-0.799656791490605
i199,0.709121866177884,-0.998725148744089,-0.928454546950335,-0.909710509902098,-0.878579804494572,-0.841822891607184
i200,0.668781518770969,-0.998880913551017,-0.931647644601839,-0.908265765259293,-0.892590089524465,-0.821007632719035
i201,0.709361925071605,-0.998909592244349,-0.931211427422413,-0.918545302653514,-0.884989728372084,-0.794569050396213
i202,0.995571764130598,-0.999323574874962,-0.923457540554642,-0.904457641886885,-0.869243568561174,-0.795773020832306
i203,0.737923754054913,-0.997780936177748,-0.927878202013334,-0.891266871113638,-0.882533284645553,-0.833128650016455
i204,0.918706356448916,-0.998322217626586,-0.924186629679285,-0.903230639257318,-0.889401737456861,-0.862473649118874
i205,0.573859371565231,-0.998908572883646,-0.934044165514817,-0.890379709266257,-0.888528875626679,-0.79751830577262
i206,0.734975678804452,-0.99886470231902,-0.918863465431316,-0.905200938660968,-0.891046864707042,-0.848654594118641
i207,0.553352116503037,-0.998878588490175,-0.917364786220422,-0.889509455764826,-0.878115167307454,-0.863373032972093
i208,0.714314230577712,-0.998589023388354,-0.928573174317689,-0.91927893422219,-0.886242220277528,-0.798189828945319
i209,0.729983811550278,-0.998487121554208,-0.935983419905674,-0.925633596251889,-0.871122130151222,-0.859732874789267
i210,0.799150583656882,-0.998398053540809,-0.94426726924285,-0.893332684248924,-0.87411009434008,-0.854083188094063
i211,0.944565138204631,-0.998494536888653,-0.934072736370084,-0.913188730438885,-0.890280114464001,-0.862613913182985
i212,0.760466331339753,-0.998709964708597,-0.923639061397329,-0.918440366922611,-0.904095161769497,-0.820531224905215
i213,0.896825876393604,-0.999397924456624,-0.927318034190735,-0.888833664792517,-0.877397071064131,-0.795211776478527
i214,0.851534407942004,-0.999303745833769,-0.924075443431129,-0.917531264667911,-0.89212379542181,-0.841416051267105
i215,0.915070313762326,-0.999292648701945,-0.937743411676105,-0.914953824740083,-0.882065423413314,-0.81267464546701
i216,0.998207977082557,-0.998155104771096,-0.944043383714721,-0.890282024368857,-0.88527171974032,-0.849898407207256
i217,0.924186591437374,-0.998595251058083,-0.922721423066283,-0.894451238051508,-0.882881297364754,-0.865004584680886
i218,0.636689098060987,-0.99797322384956,-0.922217409342427,-0.892867075787273,-0.882835988850609,-0.813484014055841
i219,0.939225129187567,-0.998975122641396,-0.943090434329065,-0.900894867369481,-0.894467680470929,-0.822869395335996
i220,0.607670074605531,-0.998946288595264,-0.922967898002796,-0.890281024209447,-0.872331079052595,-0.785586248065178
i221,0.71742885299923,-0.998004581936295,-0.922105916523023,-0.910453776025502,-0.87691731294982,-0.832790513723053
i222,0.609896086024903,-0.99811194255507,-0.921809138493332,-0.903630437713843,-0.877310181343897,-0.789668349624546
i223,0.98692212510917,-0.998417829483368,-0.920950024500759,-0.915607774165993,-0.885859530240853,-0.786117478365462
i224,0.578914580917839,-0.999056226776303,-0.928147931665411,-0.90360313494067,-0.885995197624678,-0.852342865550694
i225,0.901937513487011,-0.997990030828786,-0.930483607800447,-0.917970303423668,-0.904761408137527,-0.795909024288036
i226,0.901683363555192,-0.999436621749802,-0.928238481448365,-0.900045526081108,-0.893584001345645,-0.809370904074388
i227,0.681086193360411,-0.999200319182134,-0.942061516151173,-0.919957296949089,-0.879262843098707,-0.849998836651373
i228,0.726151852395917,-0.998775855569574,-0.922139869925458,-0.91243706209757,-0.896234049389979,-0.817147278670977
i229,0.7952538400811,-0.998897586451449,-0.937670228945824,-0.896635652808067,-0.879081428247466,-0.86641143644804
i230,0.73860260509422,-0.999488286326767,-0.922070466747836,-0.911684160282056,-0.882665203347486,-0.80819682938492
i231,0.598549338620918,-0.999719029770835,-0.919796467575283,-0.907806498094987,-0.885765211835227,-0.824460436252916
i232,0.897686133193309,-0.999264612854091,-0.921544164062363,-0.898325737375541,-0.87296656764286,-0.807092684006192
i233,0.843273768010291,-0.999015768334071,-0.935069576370301,-0.903360655196165,-0.879481916262697,-0.824102538552666
i234,0.935812319037538,-0.997947921235119,-0.938780473862744,-0.923837556325817,-0.895334446916565,-0.796234885044343
i235,0.970501329644768,-0.999245018298704,-0.942557423483366,-0.895793321650806,-0.870580422280515,-0.841356380766445
i236,0.752917083274589,-0.999003690553608,-0.92178401089035,-0.895820505962377,-0.875873858355773,-0.86872958922249
i237,0.9222551245869,-0.998461352016461,-0.930479921843423,-0.89166400332057,-0.886131543374363,-0.852755255148925
i238,0.585220542829642,-0.999123593265209,-0.93198818233914,-0.904188964731553,-0.891313136304222,-0.792174731875468
i239,0.673622267939376,-0.999065088273966,-0.928438243632035,-0.920427993540305,-0.874404307165303,-0.794121273047098
i240,0.58121429855256,-0.999469293848483,-0.936319978268302,-0.912035750107039,-0.900780582126173,-0.79863862018616
i241,0.700057036162749,-0.998449332883158,-0.939216590389618,-0.904204262634304,-0.877404174290112,-0.846086898663585
i242,0.916645498851917,-0.999634397247559,-0.926634691629864,-0.917656049393519,-0.89603638835208,-0.851256662718332
i243,0.863400726498189,-0.998965181078266,-0.930799997342129,-0.897538899750355,-0.884466298830765,-0.837832958211998
i244,0.989468974758643,-0.999188757594855,-0.942244272923194,-0.899961197136585,-0.896908697206509,-0.831867831012338
i245,0.965110846845413,-0.999199809786303,-0.943650708207947,-0.905412311377195,-0.892886045355264,-0.817875469100636
i246,0.587512110286925,-0.997822042029328,-0.923797722235472,-0.901818671471544,-0.870630504281817,-0.836272446868615
i247,0.608751449230928,-0.999063415429342,-0.938041715884351,-0.890327807201373,-0.872918503860694,-0.789406252441915
i248,0.570695227478019,-0.998485579115728,-0.924807582056033,-0.920240972612749,-0.887369919331453,-0.839870893181084
i249,0.821753768284299,-0.998746253994117,-0.929069329223774,-0.911348771681395,-0.903393901595169,-0.818984781978645
i250,0.925270584984717,-0.998446057576796,-0.92267182027436,-0.9074085262882,-0.884031660875162,-0.85684920893039
i251,0.815743767987843,-0.999281507141019,-0.923760395038805,-0.915351530214076,-0.885159037533708,-0.814100990655721
i252,0.704699028624719,-0.999132954964929,-0.928974840135346,-0.912350813287063,-0.908203859569234,-0.816261235836301
i253,0.987704786656501,-0.999027919566846,-0.937067436299244,-0.892315610113498,-0.88691618608891,-0.838458160119445
i254,0.65745673401826,-0.998611963119725,-0.935056197787305,-0.894043719274802,-0.8912463675961,-0.865786334027097
i255,0.988503397753383,-0.99868111799338,-0.923054985388969,-0.903968261600473,-0.88918112714466,-0.806877234077583
i256,0.794498718540772,-0.998015990383674,-0.928831080625498,-0.924779295065276,-0.89874929557846,-0.836914811818438
i257,0.743518436883131,-0.999482941032609,-0.941975304118704,-0.914775241495893,-0.871267844352055,-0.831502774014773
i258,0.953489455364496,-0.999016965308778,-0.928148766162337,-0.897320960836009,-0.887869207829626,-0.858703285084203
i259,0.771246163421164,-0.998790581793666,-0.932860512842412,-0.896303224712277,-0.880675327800937,-0.791635537854267
i260,0.963052787446287,-0.998601674756348,-0.932552453099165,-0.899745246773028,-0.898467564156819,-0.840428935564719
i261,0.969954410893634,-0.998480263220742,-0.941672954081662,-0.894126050159039,-0.881083074357943,-0.866575665195431
i262,0.595723194453269,-0.999441798866877,-0.935522345836399,-0.901201489599374,-0.896301234878624,-0.791239015322316
i263,0.88414188863466,-0.997581375083493,-0.934591434292676,-0.897691879955678,-0.890718637679637,-0.813189804568228
i264,0.843051551602819,-0.998983293464972,-0.92743386782881,-0.899889303702508,-0.8678160101083,-0.831320180313276
i265,0.898684939715361,-0.999021391180196,-0.925622456633336,-0.924965646610265,-0.903826887793047,-0.805599095886594
i266,0.605255423631538,-0.999255096239901,-0.938884927480528,-0.916659698229132,-0.876215621139351,-0.862817273823633
i267,0.992598294916717,-0.998296368868089,-0.940499232876199,-0.912607310700045,-0.868224462277644,-0.850567482933514
i268,0.851889078490327,-0.998309767508816,-0.941951464248893,-0.911780892731542,-0.903337219505332,-0.805033217940087
i269,0.940782675685588,-0.99829850157954,-0.937616966710734,-0.924939918456744,-0.879304676100643,-0.849530046493439
i270,0.567372453416502,-0.998714021443746,-0.944273856341459,-0.910260534917598,-0.882380721137941,-0.797160611696433
i271,0.766040070714502,-0.999149617791957,-0.92038280156431,-0.918043098082928,-0.894418462314828,-0.854710556055708
i272,0.762458091001336,-0.998354273480751,-0.923797423706102,-0.909288794669278,-0.882117210162689,-0.84268131924411
i273,0.810589333863222,-0.999389279132421,-0.93274091720001,-0.913836998631347,-0.882536474923614,-0.786355797158221
i274,0.957137333290372,-0.999103926679277,-0.940978240495506,-0.901837475058677,-0.897683393423753,-0.833971472046262
i275,0.893890347789609,-0.998295394191723,-0.929063811960439,-0.918933868650392,-0.88081078577634,-0.790090392337612
i276,0.946101957653093,-0.998353654378766,-0.921596796009069,-0.894453479811453,-0.882249705449908,-0.786359166912747
i277,0.622830462714594,-0.998179388999601,-0.934692515478382,-0.913821560371012,-0.870530690195067,-0.843517991727829
i278,0.577924741044581,-0.998311549207829,-0.931334305468946,-0.913260037504754,-0.879188392632048,-0.793676621615627
i279,0.660182126673209,-0.998865040172888,-0.932115931380766,-0.924744046920381,-0.889253948084465,-0.798658228615718
i280,0.639663961937714,-0.999077913925964,-0.92421989486728,-0.915502171844143,-0.891011667348896,-0.811331806921724
i281,0.690139693008934,-0.999542049989578,-0.921160847040495,-0.912552920038251,-0.876311072819544,-0.812443836867241
i282,0.841197909187879,-0.999467095223415,-0.938959759365746,-0.889695999045605,-0.881211577497397,-0.846867733568136
i283,0.757556179353339,-0.998641969690566,-0.936496572266264,-0.90878633060071,-0.869733866857144,-0.858617799748538
i284,0.639484209461373,-0.998169860393034,-0.917095986737015,-0.898345659345178,-0.888569457098397,-0.789714453270531
i285,0.926090267894642,-0.998421746104278,-0.924504317336571,-0.918615848924821,-0.880083069694765,-0.801356782330635
i286,0.642859413475627,-0.998960894203666,-0.933081711147103,-0.916669718797541,-0.894949385721717,-0.845941925843734
i287,0.876684167877234,-0.99872088884902,-0.93422582802876,-0.903717763471355,-0.892123113898614,-0.826640040477562
i288,0.841903709218216,-0.998269640008115,-0.935648077894577,-0.901394176860168,-0.88679698811736,-0.863514677006613
i289,0.645563033759835,-0.999145577249635,-0.923533039863719,-0.908859272910515,-0.901797857864202,-0.833012193866484
i290,0.884960247401322,-0.998346413253607,-0.929273318435302,-0.901591159322814,-0.886910685540537,-0.843812472409508
i291,0.950026276201454,-0.998842659231735,-0.928883984120469,-0.892873244337652,-0.890077414405409,-0.844668317740372
i292,0.875910808278714,-0.999058867382292,-0.941252984032475,-0.901139104511026,-0.877546973419171,-0.791467192493722
i293,0.727495550591849,-0.999050517436553,-0.924840517603482,-0.910413005697604,-0.868800931882359,-0.845732349062014
i294,0.870701300189251,-0.998261345563709,-0.936944946614466,-0.913917959665001,-0.889869465491726,-0.805304593479492
i295,0.972380559453684,-0.99909111010603,-0.918585552990293,-0.914630886917761,-0.868635650286154,-0.814728687195705
i296,0.970929463569803,-0.999725483114177,-0.941875089040976,-0.892998697364759,-0.887648895713406,-0.839239027409332
i297,0.803812646157421,-0.998988369784765,-0.922972393566292,-0.919663159601991,-0.898801846633869,-0.854347004402888
i298,0.561343812608067,-0.999210494909399,-0.932305977480268,-0.891952627468623,-0.887514403530476,-0.832243551907395
i299,0.570974182158789,-0.998745733106602,-0.919434107902419,-0.905776199184048,-0.881135701012925,-0.788354466415107
i300,0.627687531057915,-0.999482943405906,-0.920136699704841,-0.911782642204466,-0.877784029079765,-0.811050162056208
i301,0.710548898835733,-0.998928785760061,-0.926494336042834,-0.923832650601218,-0.90803886204258,-0.805761117741094
i302,0.804774133760157,-0.998489859270298,-0.91700256608863,-0.894454164976641,-0.885309164652866,-0.85652928322533
i303,0.848667145720212,-0.998983166347619,-0.920094402997484,-0.891928828918224,-0.876823375116965,-0.836541730760259
i304,0.954685037680522,-0.997906785146788,-0.931491102574481,-0.890970800131192,-0.890037041736589,-0.866951597313404
i305,0.905564060372998,-0.998144338791447,-0.91884324708993,-0.91403451214796,-0.874470565967388,-0.847434604999688
i306,0.946998084733542,-0.998352747571431,-0.935630363502756,-0.911094897249481,-0.873288184852438,-0.797828374271987
i307,0.838885495493093,-0.998901961955324,-0.92674849103924,-0.91334852538333,-0.868698458980136,-0.792598045684089
i308,0.602942281022239,-0.99822630952745,-0.918113820337345,-0.909956112433641,-0.886185826317509,-0.839342999635765
i309,0.547759879258248,-0.998518403098902,-0.933314019816173,-0.919877363133768,-0.896608285610306,-0.860570859570381
i310,0.62302249911615,-0.998966557129194,-0.919144473175813,-0.919346665077688,-0.90802105775057,-0.816359499880998
i311,0.830492323023996,-0.998467467247121,-0.927495199797911,-0.894021867879599,-0.887552243355398,-0.851312411280726
i312,0.921445081549449,-0.998526443520269,-0.942432325303627,-0.896964080631227,-0.871315873177683,-0.829694009806385
i313,0.7458309982213,-0.998947094393587,-0.924190819428525,-0.906279245951673,-0.890330138980208,-0.800625449137254
i314,0.916383252498495,-0.998537214684138,-0.941467936910881,-0.888881699721173,-0.868935276270532,-0.866135490099693
i315,0.558343989882029,-0.999007422428616,-0.920083785615376,-0.909436292613692,-0.883454569414876,-0.786704881058867
i316,0.560688147947963,-0.998437803313299,-0.943873877820634,-0.898067354850493,-0.89647535126572,-0.832025234251241
i317,0.714910375835572,-0.999558833479559,-0.934910267396756,-0.892738417041084,-0.870523461227431,-0.829451806676655
i318,0.677254613948501,-0.99865220557875,-0.919632377977411,-0.90617042212889,-0.872825948228123,-0.811861091890038
i319,0.682715526367595,-0.998138773641848,-0.930197059236459,-0.904226783586287,-0.890320815227645,-0.84123752927506
i320,0.646492959182824,-0.998148409556953,-0.92831872157247,-0.897989080092452,-0.885173523789736,-0.834472857373182
i321,0.946303021163214,-0.998449985966616,-0.924595849808673,-0.894527941130798,-0.885823587467797,-0.802251554612702
i322,0.761539928247101,-0.998595158459396,-0.919911393114544,-0.901049011591161,-0.879897541415024,-0.809146263318097
i323,0.562401505515994,-0.998906785217464,-0.939101791457716,-0.908481530543978,-0.878460782107677,-0.805453105060817
i324,0.86834302518784,-0.999601613050719,-0.934192435793109,-0.914573635738172,-0.892462829262909,-0.81971110989924
i325,0.834224203236771,-0.998246149937144,-0.921157334346643,-0.920953755548485,-0.880621647239328,-0.815538814804164
i326,0.979922298371919,-0.998257264464553,-0.930621342302256,-0.898688715982381,-0.869877354891512,-0.852182370343279
i327,0.842246667669643,-0.999299620012985,-0.942247322220064,-0.892715432358134,-0.869812985783196,-0.793389237121612
i328,0.66624531241141,-0.999079128911989,-0.93385122874393,-0.90131661380517,-0.882769818405168,-0.859551515624186
i329,0.904523164614897,-0.999349640409448,-0.919186487018974,-0.905319966240355,-0.880682299353282,-0.842145527654384
i330,0.577467729551667,-0.998620461176183,-0.940600910248393,-0.918597578221656,-0.886033090616769,-0.793501063047018
i331,0.667227991800382,-0.999365993318375,-0.922660962807755,-0.915510172426057,-0.892190071883891,-0.803618855359736
i332,0.691482007238651,-0.997841037041248,-0.916921356540042,-0.904967648852641,-0.870321479228159,-0.854931103770826
i333,0.634576939289962,-0.998015999582881,-0.940761068602736,-0.912703234020694,-0.896450944078526,-0.791234077654611
i334,0.811110047758475,-0.998667321507289,-0.918795632750894,-0.908575975034517,-0.904767742361933,-0.798744117153248
i335,0.801172164181291,-0.998839488230189,-0.93505004273489,-0.891910300604802,-0.883519607904419,-0.852994175739188
i336,0.548514391478792,-0.998359700529032,-0.924930960339898,-0.894524089699433,-0.877631131898928,-0.829647526674771
i337,0.859731811296497,-0.999745579133895,-0.943491528670961,-0.90060600421285,-0.876770692299923,-0.842983234307578
i338,0.672004606288892,-0.999829304446202,-0.934715960303023,-0.90768073222508,-0.88084529701247,-0.810346660110717
i339,0.768652570664135,-0.998509173829725,-0.919937913387889,-0.902969868548591,-0.881190238300348,-0.849330925005568
i340,0.724114312632668,-0.998922811116125,-0.932330933688896,-0.92371976380823,-0.902863705024903,-0.809924426448004
i341,0.824361070196643,-0.999128974661664,-0.942601654634627,-0.915942410584022,-0.875567083794178,-0.806876827506868
i342,0.838393595093245,-0.998953450564803,-0.92996261692752,-0.920104455251742,-0.890958360995769,-0.860022697898682
i343,0.574192969899974,-0.998164576731917,-0.932844855956414,-0.901048833624573,-0.892877141100932,-0.819606241726311
i344,0.827395263114131,-0.998692759173523,-0.922322303942205,-0.918527870816083,-0.875952737422002,-0.850127465050321
i345,0.763137905144051,-0.999595521192846,-0.918175370342062,-0.896744158154583,-0.874625729981764,-0.860681167972193
i346,0.550228231078457,-0.998039004190952,-0.925486358254116,-0.917580702927322,-0.891306378123915,-0.852865490348493
i347,0.549298760770842,-0.999127655985033,-0.928050051621147,-0.90780703124599,-0.892166499481469,-0.786279936745313
i348,0.761476362437191,-0.997865795383473,-0.930365682398503,-0.91540929238113,-0.897585610362254,-0.869137921865066
i349,0.912271047047248,-0.998106121080069,-0.919854019466426,-0.897019746861933,-0.894226243468232,-0.841005589548307
i350,0.865614747632633,-0.998349391362234,-0.934243599234691,-0.894512229016192,-0.887593294898802,-0.80930885635521
i351,0.647579980624604,-0.99858510309235,-0.928194561840771,-0.913938235316889,-0.869944333619967,-0.846206082907544
i352,0.725045157700256,-0.999443174208466,-0.944166532692699,-0.909780721529984,-0.893706216965776,-0.840627977582267
i353,0.864302827216616,-0.998480329787203,-0.92319635904092,-0.890957233219904,-0.868832219240585,-0.843029334578179
i354,0.670117739100392,-0.998762579936076,-0.933975318746525,-0.917754876137768,-0.892858533593668,-0.819099270520646
i355,0.943769053546504,-0.998577183598501,-0.938555774606256,-0.896967032429601,-0.8876817587088,-0.832410066951002
i356,0.573293477558805,-0.997984452749978,-0.940273622945155,-0.902232626212131,-0.897923351786235,-0.824132288292369
i357,0.824599387320647,-0.998595550439544,-0.927670551143235,-0.915832463056093,-0.877047073972721,-0.791355402546114
i358,0.817484641187332,-0.999163820980013,-0.941438645933827,-0.91044756042915,-0.875375063417406,-0.864767833897903
i359,0.907951327429461,-0.999153228630122,-0.945316368979473,-0.916065405199735,-0.904970837226066,-0.832167280362925
i360,0.818863893154399,-0.999023485372649,-0.920697969898243,-0.89256007505144,-0.869802383491428,-0.859074559627585
i361,0.931953590269898,-0.999350162407344,-0.939942057760631,-0.910013770085987,-0.875186881106011,-0.849643619673013
i362,0.615136556159964,-1,-0.943189656672103,-0.893260349660589,-0.884144531488516,-0.855474047693896
i363,0.979504954039391,-0.998980622064649,-0.942623778332835,-0.921577838348017,-0.905743062531722,-0.829818091949496
i364,0.843790096257998,-0.99882588860127,-0.923006881409409,-0.90088328472348,-0.881550454566869,-0.838202923045828
i365,0.941214694262392,-0.998822678303206,-0.918108767672075,-0.906943048026318,-0.900626458769413,-0.804155060363155
i366,0.597507978272357,-0.998635523660614,-0.941744933023472,-0.921066478861844,-0.900961819352159,-0.801891286531227
i367,0.895047214579317,-0.999103864157841,-0.926911651122513,-0.90085664137197,-0.89023913064575,-0.814381796797485
i368,0.766273295619407,-0.999250619306319,-0.920882730128907,-0.920331876127395,-0.899401291566753,-0.846688737042202
i369,0.645794810904135,-0.998754422360596,-0.943058967020785,-0.898669260275888,-0.873612271356466,-0.869276383399244
i370,0.776522588753908,-0.998324059755424,-0.945139018690322,-0.904998528461252,-0.876035803036636,-0.797396249931405
i371,0.61046036607972,-0.998705865303794,-0.919072135707246,-0.889719536717462,-0.889287215967791,-0.810995448048209
i372,0.583624067230577,-0.998274049509446,-0.930732723596926,-0.923201862638324,-0.870658529643313,-0.866551175435375
i373,0.76967024783933,-0.998969911657947,-0.921202459594569,-0.90723036884014,-0.877034240083836,-0.839275754622808
i374,0.986008206413776,-0.999208515518558,-0.918142758771216,-0.905902359657626,-0.885750941530995,-0.804331021636378
i375,0.607041535306149,-0.998360841708832,-0.941311884134747,-0.88976644924034,-0.885018153335255,-0.825454631946316
i376,0.985142087678203,-0.999065830888258,-0.940976838999453,-0.908801260957965,-0.885571699353352,-0.866395402074953
i377,0.910567584092405,-0.999110628603738,-0.919826060261599,-0.888987316954469,-0.868647226508975,-0.840853740268424
i378,0.991824786602657,-0.999177386902918,-0.936087533441021,-0.903837741456898,-0.869327313883998,-0.829381241507171
i379,0.959863944756927,-0.999073702307429,-0.940293065816012,-0.92330046840428,-0.87654902256551,-0.82126598708825
i380,0.783817518339617,-0.998587550349284,-0.920546099494667,-0.892986734750621,-0.890671528789358,-0.826134572223451
i381,0.987543785307787,-0.998119480533633,-0.931954077484395,-0.915088617694132,-0.886991968041819,-0.811568792681791
i382,0.658579813056333,-0.998403435260148,-0.929506284747118,-0.907502017287228,-0.896442129055533,-0.820618129311809
i383,0.774650434227988,-0.998402355511197,-0.916430953657025,-0.898692418968844,-0.880398954727265,-0.808176261454762
i384,0.760126415364869,-0.998891410606752,-0.942211269505531,-0.904826623618699,-0.874055334269589,-0.788679349470744
i385,0.767329742045203,-0.997958724179146,-0.926464901391218,-0.918202666115423,-0.874738814501778,-0.791450446076711
i386,0.685240004712795,-0.998231787626227,-0.941383230604739,-0.905882231660526,-0.878265353772737,-0.83559072129414
i387,0.861472999229084,-0.999277646801704,-0.918655354544837,-0.900490419806537,-0.87366929081636,-0.843222875267454
i388,0.663707229273297,-0.998564628673952,-0.918255256071562,-0.903190520385319,-0.881380788785561,-0.844577716640181
i389,0.751445874571972,-0.999230994464643,-0.928787878838563,-0.917046472117329,-0.884969257338473,-0.803179553231703
i390,0.859027893439855,-0.998364077673162,-0.935716946836463,-0.909022411125077,-0.907849720901687,-0.835052073829486
i391,0.633679174958987,-0.999104014708675,-0.91857281351335,-0.899681341863706,-0.867235384019426,-0.797295448252233
i392,0.789488559151094,-0.998348804261571,-0.932474875288538,-0.907967951089498,-0.869899171006926,-0.797302164588993
i393,0.716320079587207,-0.998371741974962,-0.922145260555269,-0.891067676681628,-0.877271365796242,-0.849052970781206
i394,0.908999136007595,-0.998927103541934,-0.93814087047632,-0.896931398247888,-0.878859068172074,-0.843177072746321
i395,0.617464852711144,-0.998448464467521,-0.937963687880752,-0.925322845274447,-0.887088930806316,-0.856255913189314
i396,0.847379798025067,-0.998551052627358,-0.943925797567299,-0.891817184604045,-0.870086576296172,-0.787349960651537
i397,0.681630215117824,-0.999402731620347,-0.92965673943184,-0.921522607009049,-0.876855464698493,-0.799210316313777
i398,0.694705383763723,-0.998052033264331,-0.930650175490698,-0.909357498062373,-0.897632198953511,-0.817237000441641
i399,0.767363066832253,-0.999367934343045,-0.921790844378182,-0.889862816772902,-0.888639117244005,-0.833024923778117
i400,0.822463071465597,-0.998834777246669,-0.925648299365605,-0.898472062365468,-0.897093004068952,-0.85520083082986
i401,0.670967425243962,-0.998533803424528,-0.924632268758087,-0.890780565486306,-0.870450849102764,-0.86200017413299
i402,0.564507469122419,-0.997905183613414,-0.9349138253816,-0.90038011904978,-0.881312531232501,-0.789040871590648
i403,0.912023271592515,-0.999070623442037,-0.929040363535227,-0.907582475294566,-0.891480118574328,-0.843790977488788
i404,0.632031334500756,-0.998184701259774,-0.929840496667665,-0.91994410533416,-0.890824152383152,-0.799602510116973
i405,0.740150410281873,-0.999787999652966,-0.934553328820257,-0.922478784929837,-0.899068936267813,-0.796239968872791
i406,0.71556604293078,-0.998636909860476,-0.923063273769508,-0.907977538477732,-0.875363234313215,-0.823567536911948
i407,0.790568202419463,-0.998243249886905,-0.925471654516464,-0.910138852922697,-0.878669708454202,-0.812623598098984
i408,0.720823133987788,-0.999484962062549,-0.928056039405133,-0.892539716083042,-0.891472916423097,-0.789335787517638
i409,0.736661122143305,-0.998735008145826,-0.943810777812544,-0.905095265544283,-0.872376416555915,-0.837349141505133
i410,0.616684352063003,-0.999140566475712,-0.940460525304136,-0.915753929304663,-0.890871918917454,-0.800166931190086
i411,0.642032794572798,-0.998854112033005,-0.93591572489863,-0.906287359270664,-0.875475342463519,-0.810531696084714
i412,0.556919368211326,-0.998894809615736,-0.919969134887132,-0.916548193669185,-0.891998305624482,-0.847499463105486
i413,0.784645130944751,-0.998622260408881,-0.921610106788439,-0.91884831760558,-0.870480104137442,-0.867626282292448
i414,0.871657191144554,-0.999934640743091,-0.925868544465984,-0.913304921275928,-0.886550492183593,-0.859454313672812
i415,0.547866388001574,-0.998758926849309,-0.933439641431307,-0.903012914122562,-0.883566359230291,-0.824224589688505
i416,0.711542300212205,-0.998757712418263,-0.917540387472706,-0.906978617861029,-0.879141652803349,-0.830810884776721
i417,0.645039753839624,-0.999165986651793,-0.920468613212607,-0.8963313261274,-0.891807258805216,-0.848680594240016
i418,0.965775783051491,-0.998278414626876,-0.934633397256625,-0.895026124095717,-0.892317367677869,-0.802669789704249
i419,0.706640639459697,-0.99900865060498,-0.925223503975562,-0.91482246025779,-0.86773412411301,-0.821120034947199
i420,0.943679996770137,-0.999815790949101,-0.931639913595681,-0.901071962141101,-0.871625190940443,-0.786568336830123
i421,0.590728905286202,-0.998176811237833,-0.940771068012304,-0.920611981503188,-0.903260220142644,-0.827581393212046
i422,0.554532987674644,-0.999742639534677,-0.938000170756212,-0.897484148540715,-0.871519894663938,-0.834439897489888
i423,0.557203140135922,-0.999586898168473,-0.938870525495177,-0.925167024608303,-0.881923351956964,-0.8016684567538
i424,0.615900651982255,-0.999031047977934,-0.928238183141609,-0.907710042824078,-0.869349568376171,-0.788070540728299
i425,0.835032294254356,-0.999420844205684,-0.935794099493443,-0.915839820955156,-0.890435408702748,-0.844030611578396
i426,0.906594391081853,-0.999832393316396,-0.944949387265703,-0.898559348206055,-0.890444231149453,-0.830719023332377
i427,0.704239699902024,-0.998392858084575,-0.927471257823823,-0.893902964155232,-0.871678153832443,-0.794776130369986
i428,0.747022433137787,-0.998946218272868,-0.929161629809859,-0.922778815055641,-0.872361769786778,-0.801462642691643
i429,0.717077274084314,-0.998936100749935,-0.927286132916765,-0.900496328081556,-0.88835875703636,-0.868075327265013
i430,0.9525962181578,-0.998493151359281,-0.931084831347775,-0.900495543030339,-0.895291366000055,-0.864506840950677
i431,0.973133916180167,-0.998998530400815,-0.916468478323015,-0.914696567472573,-0.893949075778586,-0.822005834450706
i432,0.643231643986255,-0.998407481160542,-0.936087612396889,-0.907799047508615,-0.888126510703501,-0.824236593939762
i433,0.905917349283785,-0.999470308172863,-0.937015360362282,-0.920807057007359,-0.901473565325948,-0.848955136261045
i434,0.748212656636723,-0.999052090054505,-0.938923303326016,-0.908207574784403,-0.906930677226355,-0.836079832193009
i435,0.782050340612344,-0.998890441067318,-0.920034968606143,-0.892251139423428,-0.871890203099388,-0.812080426725813
i436,0.97601330925091,-0.999254195741964,-0.941535276108032,-0.925124551108705,-0.904631861985856,-0.858401335951445
i437,0.620921962055826,-0.998978762734556,-0.920892859305735,-0.89207267579164,-0.877189233574588,-0.827560853422124
i438,0.858137106418039,-0.999258989919845,-0.919708545188314,-0.913787836054946,-0.880301749044365,-0.860562081372367
i439,0.706114977900428,-0.998593140010712,-0.930413273969524,-0.894277205010301,-0.893428302761296,-0.868875684888929
i440,0.580119654506452,-0.998257884695376,-0.919701433563208,-0.892494302922964,-0.872727720389306,-0.850085659641574
i441,0.671686014832152,-0.998426125641468,-0.924464743919914,-0.916400231235053,-0.87804992591742,-0.813635256829779
i442,0.893286035620606,-0.998335729955868,-0.926693856002637,-0.911677256190826,-0.906218537133961,-0.820266892275167
i443,0.906064925083232,-0.999010414087501,-0.926770094733255,-0.908036393690705,-0.877982904135239,-0.820392360606959
i444,0.869522774013837,-0.999038881725536,-0.918101273535717,-0.900285466527237,-0.879333011719854,-0.865601815751725
i445,0.589650742237325,-0.998755941540731,-0.916470651175058,-0.905289493505868,-0.871047097956207,-0.815228908787291
i446,0.733300346353859,-0.998353188527226,-0.925643629227001,-0.894293101558929,-0.870315011201911,-0.813605930105584
i447,0.959104568024849,-0.999117253007448,-0.940693200131421,-0.900322250759949,-0.895010671230825,-0.821673325900723
i448,0.733870268434319,-0.998187192100426,-0.944348678598693,-0.891155250940408,-0.88925560089661,-0.798002960206919
i449,0.598896638437933,-0.998743152115129,-0.938540040475175,-0.908412827520967,-0.902683087702986,-0.801602203689622
i450,0.662577037972199,-0.999429694156208,-0.935950567866368,-0.91839424821047,-0.904056072092557,-0.79517497627912
i451,0.845448186046994,-0.999483349326831,-0.929256395151265,-0.909706888692714,-0.886105970599513,-0.808431770104642
i452,0.927031048314328,-0.999669359958986,-0.933777452000117,-0.920957642689906,-0.902434092487764,-0.855628427616937
i453,0.706918890313665,-0.998275906105283,-0.944685960749498,-0.920509714396321,-0.894042887661705,-0.791888564450718
i454,0.97328452526588,-0.998840182328395,-0.930547108477199,-0.921239179114913,-0.893642788466699,-0.804001495597226
i455,0.613988355385583,-0.998432063338988,-0.932263852933129,-0.896027065087915,-0.887759643912863,-0.838824418175842
i456,0.919623270861027,-0.999630694011674,-0.936269157469839,-0.891796570015794,-0.880481707276002,-0.794009873119192
i457,0.862325744239639,-0.999080120412091,-0.920014981129562,-0.908473887813972,-0.90768724649629,-0.798266613008113
i458,0.835503871096305,-0.999400889557934,-0.929630696741163,-0.911376349047504,-0.877383495696193,-0.852278212523669
i459,0.805963496674168,-0.999413829369031,-0.93520524547528,-0.89782930246097,-0.878227461006808,-0.80394236327277
i460,0.547231887913769,-0.99836510582839,-0.942880853555416,-0.906777159088229,-0.897523855417635,-0.823227216145097
i461,0.932583301237086,-0.998464937288523,-0.933354484811026,-0.904284880376045,-0.86931685175814,-0.835150182371764
i462,0.893795875175751,-0.998186854445279,-0.931975279407862,-0.918467126390351,-0.903152216964955,-0.859662058445623
i463,0.593011857787084,-0.998621550146357,-0.938668618495005,-0.909764515029787,-0.902532029509152,-0.854043814831154
i464,0.948754099518156,-0.99859927877145,-0.94354903475366,-0.910792137124572,-0.901703816337685,-0.864036062399572
i465,0.702949662870015,-0.999548483388799,-0.923920525699426,-0.921324269687969,-0.869740678032629,-0.829856574006412
i466,0.61190173691241,-0.999785645888538,-0.938814007895073,-0.891036515503183,-0.887289062874603,-0.790254850705951
i467,0.907206766951359,-0.998979005091079,-0.936525247313155,-0.897790909146346,-0.883544425065559,-0.823537823975565
i468,0.786863210661784,-0.99927372887008,-0.928564104266676,-0.921780336922727,-0.893030907516945,-0.865600961505142
i469,0.677744698148758,-0.998732719094001,-0.922790788790495,-0.912067556732322,-0.873658058022395,-0.815675685129229
i470,0.730884299693638,-0.998464280073185,-0.920858503408001,-0.915358138645397,-0.869283762865886,-0.812911878583062
i471,0.881685182239496,-0.998876195452553,-0.931020700547843,-0.906948748231126,-0.873185046202278,-0.817664463394008
i472,0.713340877074502,-0.99955851326084,-0.931668505845416,-0.906205714191324,-0.904673290841426,-0.826177623552953
i473,0.693050871622711,-0.998682704784873,-0.930541416697694,-0.89170269861148,-0.883400790643497,-0.861866436294868
i474,0.618872231932232,-0.998525088372607,-0.922860949194476,-0.919146513813259,-0.899698681510833,-0.857295871716499
i475,0.710919323673686,-0.998589282287283,-0.936662161124345,-0.89424480526903,-0.883967441189989,-0.79524214957249
i476,0.812865694864227,-0.99838547471398,-0.921153213230957,-0.897411481136462,-0.870468854117687,-0.826962018733639
i477,0.69768666512579,-0.998863062221006,-0.924680618068214,-0.905391934447987,-0.891525261602393,-0.816853074462575
i478,0.662106472512311,-0.998425395746447,-0.945202699507608,-0.91997592912069,-0.869797770082059,-0.82636955411953
i479,0.655315610172026,-0.998493098845972,-0.940353523981552,-0.903228347325615,-0.877969280702392,-0.839801407459827
i480,0.93459215394003,-0.998307400683464,-0.925895939085749,-0.89228759538801,-0.877921612564344,-0.814346699422075
i481,0.785409369897007,-0.998881080531784,-0.92016009019724,-0.916654837942404,-0.901768197711712,-0.865321210344446
i482,0.839366363837794,-0.998661783864033,-0.933889565920179,-0.902641974682225,-0.8728825639679,-0.86323645698176
i483,0.657801174762764,-0.999120525693179,-0.924954659699632,-0.899881733692354,-0.894464609521868,-0.793903503334401
i484,0.952341002784137,-0.999641572427852,-0.916862476138608,-0.909636724965437,-0.876416364570437,-0.835502626169683
i485,0.984730800626417,-0.999255568339381,-0.918527363213,-0.912907414494688,-0.872196251150855,-0.858140034779729
i486,0.73976820919863,-0.997835960060054,-0.930303919179493,-0.903472474467227,-0.887439191113712,-0.801721193521987
i487,0.941753340358311,-0.998074514872745,-0.926287327644492,-0.904643258972485,-0.889191639756238,-0.800552795833618
i488,0.934449907230135,-0.999585356846765,-0.934349651003437,-0.915583004027683,-0.880219480352824,-0.84855847858706
i489,0.619333053126184,-0.998589153792896,-0.942565834743215,-0.916117029059351,-0.895989905536815,-0.827907687964862
i490,0.552503064460582,-0.998275867404263,-0.938299656694347,-0.912624563994792,-0.880869398755395,-0.858458744807879
i491,0.722720218696578,-0.998445457106273,-0.942782709000864,-0.892966416361731,-0.870795232817824,-0.867545605178586
i492,0.697162212621364,-0.999417132413794,-0.916314754311738,-0.907499101737077,-0.874588985499126,-0.833167023726175
i493,0.890243850964134,-0.999749578716379,-0.931968112236265,-0.923739918090464,-0.878543777790472,-0.850344523929858
i494,0.604360203481065,-0.999256912509798,-0.922770500760398,-0.902566668901501,-0.879056198447946,-0.802872822270849
i495,0.982483111595385,-0.998807481769441,-0.923025508649066,-0.890911989228116,-0.884060246481894,-0.868184387034605
i496,0.634225960389067,-0.999244677406648,-0.931384169392975,-0.902121937799641,-0.881680784599232,-0.797805949766469
i497,0.781578645892618,-0.998405587362974,-0.931710598300732,-0.899047555209014,-0.892624150809449,-0.799648336659363
i498,0.861909224759796,-0.999243748424731,-0.92154457931007,-0.898422280690864,-0.882922514392156,-0.809074108739494
i499,0.901190057604883,-0.998488972616892,-0.92814370683502,-0.90787041323507,-0.905164809649496,-0.804465323867068
i500,0.844469018905702,-0.998596454805585,-0.932594439690704,-0.914743619150666,-0.899292621181581,-0.804156720026679
i501,0.669388320085205,-0.998965611626449,-0.936299824529979,-0.889945374056316,-0.875577729100238,-0.800265337134513
i502,0.983493222295554,-0.998801873063652,-0.936219566937115,-0.909168984394233,-0.872493222931828,-0.816653814695652
i503,0.706141582061698,-0.999023529529792,-0.923908980120061,-0.924198833600242,-0.899656025660567,-0.861262748080326
i504,0.625148410512024,-0.998193844479222,-0.92504861076841,-0.902941620458979,-0.897160690148514,-0.825701682653482
i505,0.813965880032214,-0.999046191067195,-0.929000477368128,-0.907423857385354,-0.873926473297933,-0.823152900330276
i506,0.762775697032239,-0.998868921224356,-0.919471988048944,-0.917415092412426,-0.889648927129437,-0.822484815569944
i507,0.654236467140039,-0.999208220775913,-0.943702504310997,-0.890406370295796,-0.869389616459558,-0.836060311088504
i508,0.974405490159105,-0.99825956036778,-0.9192430194538,-0.902853522668302,-0.883888179463771,-0.802185810483867
i509,0.759088433185564,-0.99842988849905,-0.927440524335563,-0.894920416152495,-0.886070345165371,-0.837678001217992
i510,0.957610742904829,-0.999163215025721,-0.943721024183843,-0.919655852294245,-0.880217688998729,-0.825534504836741
i511,0.606209973655104,-0.998494570549566,-0.91646177649122,-0.903701272070412,-0.893943403980381,-0.841434009068749
i512,0.678203334252107,-0.999616499249754,-0.919380698220877,-0.897295290373675,-0.867667606993508,-0.785426412310587
i513,0.731893924154337,-0.999082100793471,-0.936753161712915,-0.920637222173681,-0.891281193433715,-0.821835516033102
i514,0.725474528893574,-0.999038110807805,-0.92921014947476,-0.888950608179578,-0.869042083727984,-0.826449270288223
i515,0.983999435567025,-0.998898924901571,-0.935488640545977,-0.92270947714944,-0.875454831483507,-0.862353471684817
i516,0.627903015275593,-0.999359099095694,-0.934949422254024,-0.918091307930076,-0.868932375164953,-0.831539090702836
i517,0.894832840612251,-0.999222404209846,-0.93004177562764,-0.916712343276044,-0.888031445118102,-0.855305125963202
i518,0.975406956052975,-0.999423980533401,-0.921786320055271,-0.913372265877611,-0.903698226980265,-0.864406283371049
i519,0.805642655408071,-0.999189990013787,-0.931018073758957,-0.906061874803359,-0.885231807830006,-0.853599756577166
i520,0.580810410945461,-0.998527770228431,-0.916700625292322,-0.910718642009829,-0.881808742421816,-0.834574972060946
i521,0.572501359244232,-0.999093571238022,-0.934565493701999,-0.890397387856125,-0.881085203617519,-0.855840177832536
i522,0.827506383314459,-0.99939847549848,-0.920371576173161,-0.912300598551132,-0.875088231217643,-0.811180606573402
i523,0.6333590857912,-0.99921716651434,-0.944470303742474,-0.900757858292704,-0.873824172050905,-0.854417367037859
i524,0.891142900212788,-0.998568733688956,-0.922279861312546,-0.895613635850877,-0.868464238377263,-0.796005161338006
i525,0.689684080212382,-0.998821815001301,-0.935600251807891,-0.922467989859446,-0.884815750057363,-0.803843166267513
i526,0.75103748430895,-0.999387350018454,-0.937635248657832,-0.922435973670588,-0.903642410695762,-0.828890134740996
i527,0.750576778821585,-0.999568613638088,-0.926315478848969,-0.923157544843778,-0.874556262043255,-0.832743768931033
i528,0.693428190331145,-0.99833285384447,-0.917095581718713,-0.910739592966094,-0.89474684615224,-0.792100324954703
i529,0.860049182062646,-0.9992532578202,-0.92842065645036,-0.902106821387857,-0.877100369262092,-0.84214788866937
i530,0.826105956352893,-0.998747557172741,-0.919747039028804,-0.895011045254368,-0.870331780126862,-0.828569460814203
i531,0.596781894140032,-0.998789796017177,-0.929722908982154,-0.910556826719558,-0.867778117186339,-0.798323757982695
i532,0.568575415839158,-0.998237547462959,-0.933593348365162,-0.90576709205041,-0.893410592815803,-0.854101531952292
i533,0.736547816880923,-0.998199338878003,-0.929110197732332,-0.915237351467619,-0.873179901941235,-0.835999747261411
i534,0.969048983430819,-0.998789103967967,-0.93695580777483,-0.909787630908117,-0.880283094014321,-0.861966808751858
i535,0.592655379031028,-0.998595845187739,-0.925144696371457,-0.895932155754055,-0.887657757701027,-0.79590428031363
i536,0.553812371294606,-0.998549603600949,-0.932958476819037,-0.921795728746492,-0.895736700957623,-0.860039603824221
i537,0.855438341344129,-0.997405726094687,-0.94160925911051,-0.919398223496743,-0.895670280100073,-0.824569086879728
i538,0.883935673319382,-0.997976045074847,-0.928360746709784,-0.923467241619657,-0.870262229455767,-0.824204587375096
i539,0.652240650220003,-0.998538808271605,-0.941040203352653,-0.908388884933535,-0.868130198684546,-0.82319681066008
i540,0.942880051388389,-0.99858694443881,-0.917882150894596,-0.889401913070438,-0.867804992792077,-0.826712938818611
i541,0.814592794871309,-0.999560788631078,-0.9357939037691,-0.92219320387765,-0.881113832546833,-0.82128999952126
i542,0.812291323155655,-0.998662938046163,-0.92388655660327,-0.89552156573123,-0.869176696889103,-0.852792655900333
i543,0.730389425717767,-0.999472524838755,-0.920556374827655,-0.902372991563585,-0.899911517436649,-0.833385646436412
i544,0.579440095821338,-0.998514447412008,-0.943526305665092,-0.906532160090688,-0.869592174707605,-0.851509964018938
i545,0.878409507485273,-0.998843112027092,-0.938326644604233,-0.907365774682664,-0.897603749208895,-0.855236992484029
i546,0.93393602888406,-0.998534699074976,-0.927575766360414,-0.905310142049904,-0.898586037387137,-0.811822914533519
i547,0.697948456629825,-0.998377898853241,-0.92076491951026,-0.910954644732877,-0.8743238033813,-0.816275953891859
i548,0.937677188493804,-0.998570197585423,-0.925091794033711,-0.899903577084413,-0.889873502079356,-0.865058323774638
i549,0.921969683550408,-0.998431298502729,-0.943868708602893,-0.891002579349326,-0.876089313311733,-0.786933423124364
i550,0.628595445547526,-0.998536585531544,-0.92511123319363,-0.906749733534731,-0.901845280330097,-0.847604214041397
i551,0.841356073088965,-0.999506513395922,-0.918967121108437,-0.90374817619779,-0.879763276290245,-0.845400725847671
i552,0.584784897773594,-0.998329522862354,-0.944011556183023,-0.914446590615277,-0.900479549149858,-0.802449312782733
i553,0.834154548164266,-0.998226454670514,-0.94265353767856,-0.901371817039406,-0.898987547331284,-0.86460240871858
i554,0.80142152834091,-0.998485745457458,-0.933483886370466,-0.892614265749154,-0.88666736777773,-0.860786961388183
i555,0.957157594270004,-0.999846378054474,-0.91920923565156,-0.895985909380826,-0.874986896092101,-0.802123998861397
i556,0.923801309091296,-0.99892465753504,-0.925661160598816,-0.925609564755264,-0.867907817004719,-0.862848821067513
i557,0.703573228328185,-0.999261286460089,-0.921064195413634,-0.90157211983404,-0.888333190464128,-0.845086324156065
i558,0.897416623817253,-0.999336437616625,-0.919621899345681,-0.909755112761953,-0.875627419273582,-0.845246914689965
i559,0.883549530197881,-0.998298072358736,-0.927119482518405,-0.909720540516018,-0.878614639930819,-0.851990578440819
i560,0.581686891996279,-0.998171288747772,-0.928335206515312,-0.890774067691457,-0.878001221023412,-0.840122306329609
i561,0.775046809961569,-0.998482812926261,-0.931684423988246,-0.924528810316164,-0.890726274094396,-0.866420185051236
i562,0.676442724060305,-0.999128806250861,-0.932332502034859,-0.896427041008924,-0.886641666075687,-0.851166526765307
i563,0.818917158635247,-0.998093002808627,-0.943288502459997,-0.899431118467269,-0.890813770221748,-0.789036868686575
i564,0.773614064033121,-0.999587311726576,-0.944752020300213,-0.925706518913007,-0.900372868465262,-0.858871828854274
i565,0.620773848790514,-0.999629079623775,-0.921431332010655,-0.906866572242064,-0.885285340864632,-0.848063368248894
i566,0.917063271301078,-0.999205644150389,-0.925462853650337,-0.916061613092468,-0.896077123529613,-0.849963615772776
i567,0.837932521018506,-0.998744894562489,-0.937155311857609,-0.903180412356494,-0.897138461857009,-0.812629882162003
i568,0.788842446014918,-0.999284269047411,-0.939212354678817,-0.901781529787708,-0.883589316594599,-0.789973891090503
i569,0.94859353163564,-0.999037724991383,-0.933301697737862,-0.899687702051712,-0.879651834192862,-0.795063518654426
i570,0.567573742164727,-0.998879034665851,-0.926745557083029,-0.911319832103048,-0.888465525828354,-0.858536412033943
i571,0.668249261346057,-0.999074977203913,-0.938446387839194,-0.901481319916984,-0.883003767529744,-0.861928141511219
i572,0.807306735219139,-0.998385795191462,-0.94462089348107,-0.903809849272311,-0.88183236308583,-0.864619305681837
i573,0.770567922700357,-0.998390695314014,-0.943180200602986,-0.925328378005817,-0.888814922417666,-0.83768119122332
i574,0.880090034088557,-0.998991967509559,-0.9355232082308,-0.921548275204629,-0.867513067406966,-0.804995881985355
i575,0.754568142872981,-0.999497990401239,-0.927275271188777,-0.894452463210808,-0.89353801182383,-0.789941681557459
i576,0.966769122684789,-0.998800786168132,-0.932706663868111,-0.920045791346744,-0.898240160641528,-0.833797734598295
i577,0.979856163771723,-0.998236188196385,-0.919006526021396,-0.905193545808357,-0.885694670106173,-0.809318753125447
i578,0.850796380272387,-0.997967911706273,-0.929895932188277,-0.905676163830233,-0.881608018487526,-0.825536238640585
i579,0.779124408007588,-0.999297466602441,-0.921060463233324,-0.90904849730864,-0.901208315017751,-0.825520166607445
i580,0.913568019174036,-0.999057870908837,-0.9305471190971,-0.899534259754633,-0.898558848837616,-0.860011967361017
i581,0.644798873072422,-0.998595360849555,-0.933716710175842,-0.898943170691373,-0.892596321851155,-0.816966839724341
i582,0.945320416341992,-0.99980385208454,-0.939144940965689,-0.889928139413183,-0.871689088604952,-0.867967065811466
i583,0.873828562434208,-0.998765512108067,-0.924028932047377,-0.909789777895673,-0.901669586965894,-0.793948612770116
i584,0.922491019476513,-0.998616249142479,-0.934780520095918,-0.905272308475977,-0.884678487778524,-0.863620994179323
i585,0.59403012599197,-0.999089178993144,-0.929361774102259,-0.898973491502975,-0.883099868587101,-0.853424933191254
i586,0.8017779892365,-0.997994083418771,-0.926529687499359,-0.892651771306589,-0.891623126189901,-0.848619512304486
i587,0.938384866629164,-0.998639525876383,-0.922989096677918,-0.889415466196318,-0.880089354360475,-0.862710867698714
i588,0.920661901547183,-0.99857230814236,-0.932239846664518,-0.908971412890377,-0.872371893762971,-0.856023932511299
i589,0.575471593062153,-0.998945487230202,-0.944849356561176,-0.912285681270151,-0.878135460652318,-0.835592893324258
i590,0.792069673544757,-0.998366678552539,-0.939383839416523,-0.918903725303708,-0.878634866939472,-0.85456909161323
i591,0.996844914891809,-0.998113305074265,-0.937624585619829,-0.910377848229922,-0.897490596399178,-0.86472722317743
i592,0.907070614509455,-0.998443215029122,-0.930311011200981,-0.899026079216864,-0.86892709584724,-0.855239530692765
i593,0.648285688615236,-0.998425943648827,-0.93804583375285,-0.902848719237989,-0.879833712972793,-0.861191254618404
i594,0.719942238740779,-0.999779858547295,-0.926427266108955,-0.914091754132326,-0.898891886519861,-0.79984003014717
i595,0.603598264176959,-0.999351604545509,-0.925012152000958,-0.899938049691237,-0.879611442490707,-0.854130182991807
i596,0.59217325355517,-0.998646392675442,-0.92278737092561,-0.915570774521971,-0.881388503927944,-0.797254743464078
i597,0.692246100473891,-0.998997422178795,-0.93716405500424,-0.92384618176207,-0.902658519863543,-0.848599160538128
i598,0.886670419110975,-0.998565146068175,-0.93923704776385,-0.917257297808325,-0.903504078461025,-0.846708766581265
i599,0.728903605558944,-0.999607966985466,-0.92043007398655,-0.902723648106481,-0.870531657526191,-0.798159891580784
i600,0.935330375180273,-0.999210852926695,-0.938525077549429,-0.915659042607932,-0.896859587601697,-0.847380299229052
i601,0.813804901032494,-0.9994578863215,-0.923760602898777,-0.911948619925929,-0.905426102182433,-0.851257648218733
i602,0.854140587431102,-0.999093779223755,-0.927791151911656,-0.907664016742312,-0.895483991679356,-0.803039164971558
i603,0.787491618160102,-0.998975902136198,-0.940379931498517,-0.91308080612178,-0.88072446020269,-0.842071512373578
i604,0.586958525472993,-0.998827305496397,-0.928785846408456,-0.910879017433996,-0.882306070401917,-0.803012039961003
i605,0.720581550034282,-0.998847732382675,-0.933578383515668,-0.909230191306528,-0.904812718303356,-0.793951176965288
i606,0.744686655069633,-0.999182113954024,-0.935074020694734,-0.89010961148866,-0.877518322699576,-0.853513598535703
i607,0.571186303967761,-0.998164381063165,-0.929023274556013,-0.903701713077482,-0.870260300309681,-0.798824605159585
i608,0.872896004171167,-0.998783937877551,-0.920224860829146,-0.908420895535463,-0.874025244866635,-0.795999455140466
i609,0.672884455604051,-0.999076735621802,-0.931869390134627,-0.914813927756254,-0.896711168749679,-0.806039747265435
i610,0.999135099140793,-0.999183606053158,-0.935038897461281,-0.89737641765312,-0.891860155210031,-0.832696235929059
i611,0.584380508387006,-0.998234869063303,-0.93314026178568,-0.91003586844444,-0.879979730140533,-0.828510411246469
i612,0.551416322875647,-0.999370074888091,-0.936059569137865,-0.911120763696827,-0.908382581718949,-0.814376042521792
i613,0.632390750369494,-0.999381999384233,-0.918807916031082,-0.909445140836969,-0.889764495069771,-0.804886149080004
i614,0.914926809166094,-0.999194608007183,-0.917869098228024,-0.90497983891841,-0.903862482266779,-0.792246619636244
i615,0.753791180832063,-0.998425813376813,-0.924484073140466,-0.897922531922337,-0.886989504103412,-0.844665152677111
i616,0.679367169906348,-0.998739328904889,-0.942745437019792,-0.889268840707484,-0.88280975440475,-0.836661893195483
i617,0.666991963991535,-0.998416594426769,-0.921056352794846,-0.898093356767931,-0.867407293140866,-0.803528098049687
i618,0.992896025828624,-0.998913686592074,-0.937140719682007,-0.889507778627595,-0.881048786824371,-0.814281530153993
i619,0.896001552370876,-0.998217772671086,-0.924921360088015,-0.919885840369059,-0.884733542971403,-0.863990038269619
i620,0.605657216238805,-0.998600863713434,-0.918443212226332,-0.917636463533557,-0.876275223452304,-0.843006331915574
i621,0.826839663333626,-0.99877522785908,-0.942565646016513,-0.896886676713304,-0.875114560742199,-0.821816689107712
i622,0.750121037956364,-0.999068454581222,-0.93636049962125,-0.890778283306287,-0.87095115727111,-0.793106782631695
i623,0.852986654302398,-0.999309776748475,-0.922206168404408,-0.894764748588048,-0.890952721184013,-0.808907791112356
i624,0.866812557031893,-0.998816206045629,-0.929952677919173,-0.91671626077315,-0.900970624673551,-0.786601929156099
i625,0.622208558036943,-0.998687504508815,-0.926799121311931,-0.904794777423268,-0.872765335338234,-0.83490312014563
i626,0.772174968857443,-0.999375868078841,-0.941859477284645,-0.902490378372431,-0.896259735577204,-0.820787328231618
i627,0.784039529766978,-0.999203469189321,-0.928714936279351,-0.889549359541016,-0.882515769613004,-0.843207212375527
i628,0.788237107400298,-0.998781484163503,-0.917021433571926,-0.890064077076649,-0.881437405480925,-0.8480950121928
i629,0.731350057888036,-0.998925851143358,-0.923367616893184,-0.918274929017833,-0.904000590926115,-0.808129639624959
i630,0.798011144828897,-0.998752918991783,-0.917922737018035,-0.91479517625537,-0.907999988715743,-0.825020915420484
i631,0.852740662048123,-0.999526793768143,-0.943991313799913,-0.904399591804037,-0.895953202159381,-0.865598371593934
i632,0.77761348038568,-0.9991654009112,-0.92383923707999,-0.905724441296694,-0.884412991176208,-0.792486723851053
i633,0.802767685591329,-0.99848241529113,-0.943261750701285,-0.92449058508134,-0.897093705351246,-0.850547317529121
i634,0.588235141633617,-0.999448850311039,-0.923456277560439,-0.917138767085751,-0.88684255888558,-0.844995410261197
i635,0.753687186566029,-0.999397532635683,-0.944798158280244,-0.91449098700603,-0.883447013224413,-0.801114779198409
i636,0.620376559987685,-0.998967549260943,-0.928370549729894,-0.924671174158215,-0.90056127464689,-0.862684613429365
i637,0.87565300601524,-0.999384374807787,-0.936503434954557,-0.901164592974881,-0.871802018882695,-0.852610182007559
i638,0.9928870430601,-0.998404649339801,-0.932986413775253,-0.91137743257761,-0.869053455512556,-0.83197258497602
i639,0.963035904066469,-0.998790040190817,-0.917674536944283,-0.904283078601048,-0.880139416143439,-0.865352394523679
i640,0.7255090862816,-0.999112256558577,-0.93921628663242,-0.917663063953108,-0.878088937403796,-0.814038628132154
i641,0.887552321698554,-0.999225664634396,-0.93056887888393,-0.890056539157132,-0.885259149555725,-0.865942728534278
i642,0.740674527065334,-0.9992833249228,-0.943000331024168,-0.904609075942553,-0.88789379959487,-0.819935761335265
i643,0.931958937070763,-0.9996428829092,-0.920602537881597,-0.901625021423007,-0.89196220160753,-0.839904267412773
i644,0.743805755670807,-0.998401295605858,-0.926537633892969,-0.925537933250392,-0.905301612319814,-0.787429636757951
i645,0.871133122176039,-0.999433961172961,-0.944950782102316,-0.906575776861066,-0.892908223403527,-0.810155427392624
i646,0.840185513866863,-0.99914721022683,-0.917289373282041,-0.913214045385044,-0.876176899244682,-0.849515835410594
i647,0.575289010518601,-0.998485739511566,-0.93869574633712,-0.900429611258606,-0.900363060065738,-0.840632136302448
i648,0.822518851111917,-0.998677885493818,-0.938577001995632,-0.92082485581266,-0.886883447449479,-0.836768797008585
i649,0.647686359041522,-0.998361066837936,-0.922273124245147,-0.89880928731494,-0.874026813761539,-0.799364369938256
i650,0.785554959294085,-0.997713791597898,-0.916034697775003,-0.905480171313274,-0.888511583371952,-0.842091764826782
i651,0.625555727487365,-0.998343650376896,-0.929159919792647,-0.908906948788987,-0.893724143467993,-0.817614706520047
i652,0.993593541924962,-0.999131980685561,-0.942289163846934,-0.900103762696644,-0.875524961699624,-0.825099496699752
i653,0.859996282578491,-0.99862703687342,-0.944155741843776,-0.889521860736631,-0.879473553289278,-0.823265300715641
i654,0.668247890009933,-0.998072912930493,-0.938452938351651,-0.911952093044797,-0.873381019968338,-0.836968912411484
i655,0.850221825151837,-0.998963146097509,-0.936157065873271,-0.910648488150167,-0.882617010657173,-0.82623504497298
i656,0.807840193206772,-0.999481840910235,-0.921473653382347,-0.898118900246601,-0.893365542720239,-0.82540451720504
i657,0.921090941543533,-0.998514799789906,-0.919966340413716,-0.898567626154786,-0.892798238816961,-0.810092865242477
i658,0.654923027067251,-0.998531952346903,-0.940590770013729,-0.889248303850415,-0.867433282757848,-0.786626350099534
i659,0.646702542920772,-0.998899172215444,-0.939254084801137,-0.908507318430786,-0.904795742681319,-0.806684004654043
i660,0.660172215584971,-0.998477472554508,-0.945131026503489,-0.904577124056335,-0.874820524219199,-0.808634082295108
i661,0.641651479067591,-0.998453172958072,-0.935511971223784,-0.891981108176425,-0.888990476036159,-0.815531404428984
i662,0.986988015844899,-0.9995054521091,-0.925439637060881,-0.920762055654451,-0.86848383224885,-0.830947004144263
i663,0.974313740516303,-0.998558917192057,-0.91752794212443,-0.900378681884504,-0.874823106338795,-0.832094467558888
i664,0.94932340263007,-0.999250980120172,-0.944243209786841,-0.894549973957245,-0.885404715518881,-0.827178286006579
i665,0.559603285141999,-0.998717338949634,-0.924313374379857,-0.912941880961504,-0.872384651941178,-0.831094365521362
i666,0.674962273089183,-0.998469213792277,-0.938545008838565,-0.907176682569868,-0.872192957982544,-0.815713320391796
i667,0.696748025374937,-0.998510107568006,-0.940562807562406,-0.899235389424201,-0.889606900730659,-0.796524435768572
i668,0.641026379117289,-0.999244430769166,-0.922985380261953,-0.908161181729196,-0.906774058931913,-0.81204768576409
i669,0.994473817238308,-0.999283163520819,-0.916937604860477,-0.913389449015547,-0.901753207259751,-0.812018577891389
i670,0.677050646809387,-0.999013916862601,-0.934703437720714,-0.924850377575591,-0.867671569801916,-0.814856665736917
i671,0.863868930568125,-0.998457302594459,-0.925910064666184,-0.925777028639198,-0.888576489015528,-0.860985478920083
i672,0.746197052663243,-0.998360453116536,-0.925532266972751,-0.922934379739108,-0.869802003415222,-0.827263562714906
i673,0.971769594400911,-0.998266117376105,-0.941588435066271,-0.924019374940454,-0.906264205535248,-0.83418156567383
i674,0.714105992119472,-0.99884415164925,-0.91703524979334,-0.906194047845291,-0.895050548027275,-0.844908112937824
i675,0.948534961380895,-0.999272550314392,-0.938187884246064,-0.916853534000773,-0.872104132704276,-0.79266047063642
i676,0.652912315970559,-0.999364893895223,-0.929734504094069,-0.911371762263938,-0.906836178688473,-0.800917477644754
i677,0.58890742017286,-0.999393226490975,-0.920716628442181,-0.893688629545867,-0.868922273275788,-0.857940833152898
i678,0.640520905562694,-0.999327635009823,-0.924847077692789,-0.890960835673104,-0.887122475767579,-0.854632000483836
i679,0.751137039667584,-0.998188196258044,-0.929923146971579,-0.891024048193056,-0.870238415873189,-0.869264043539739
i680,0.918224818466669,-0.999058308930797,-0.933305728420952,-0.925414730142625,-0.884808118202573,-0.789892689127906
i681,0.832199234924275,-0.999244933478904,-0.941040641461585,-0.891279865407155,-0.878616811064389,-0.857868574800497
i682,0.798211770956793,-0.999413329297836,-0.93806317278409,-0.915030208361309,-0.870812260755425,-0.818992866635917
i683,0.854385619404145,-0.999228104167422,-0.924522630166703,-0.922068781030306,-0.875922647482913,-0.816258596586411
i684,0.68846902196504,-0.999303643997465,-0.933028279786262,-0.895742473822973,-0.884093724288022,-0.802925220202753
i685,0.74841878872416,-0.998721013960731,-0.940721430208351,-0.901764595261008,-0.875585350517174,-0.796634407576871
i686,0.846995858737398,-0.998156729382915,-0.921140366503108,-0.904275646423322,-0.877242521085912,-0.823117655138212
i687,0.685916163271751,-0.999426217852294,-0.942524875851692,-0.925680996608492,-0.895440395067953,-0.816995591844939
i688,0.708393625456605,-0.999551671534523,-0.919447193458455,-0.914238998355426,-0.887690849472698,-0.857183948395224
i689,0.860317489325434,-0.998614434377782,-0.929918978166848,-0.892888411506198,-0.877611419169302,-0.856970243322389
i690,0.719438156260833,-0.999232173608826,-0.93991392961287,-0.908194220757042,-0.886787585100062,-0.828376079935945
i691,0.734465206585158,-0.99958515612001,-0.923135999433983,-0.916876774385057,-0.87924189806952,-0.807544717770077
i692,0.644180140316082,-0.998616105518709,-0.932406037460042,-0.898537135435942,-0.88007402701224,-0.805740392590286
i693,0.892162375881827,-0.997948229848718,-0.940008065221935,-0.919225462037622,-0.876538072798732,-0.83797912160463
i694,0.902990480118669,-0.998747129544676,-0.943308601545532,-0.904095010616651,-0.8820915324421,-0.863309410310368
i695,0.739256941536018,-0.998146242982791,-0.920016748647782,-0.901029907356806,-0.886200664261639,-0.832898116805617
i696,0.576292920659956,-0.998339602094291,-0.922681962504432,-0.921718426761395,-0.883211050816887,-0.828046759148577
i697,0.846074186109508,-0.999369778760995,-0.937192147054028,-0.919309073242617,-0.874764527378907,-0.862999294265623
i698,0.73582498701642,-0.999016211101907,-0.936892649537086,-0.919731978132453,-0.882821032086325,-0.81483070449539
i699,0.966499807059473,-0.998958888644796,-0.927452268502626,-0.898875637878778,-0.875071720703497,-0.836198029138419
i700,0.887156566477009,-0.997989253154457,-0.94472131280798,-0.893707232603467,-0.867601424596228,-0.839698926654117
i701,0.705905631943152,-0.998524503325968,-0.920619819569575,-0.907387513200642,-0.886443475255155,-0.815342559318707
i702,0.711660099036872,-0.99859705668069,-0.91715518420603,-0.906810923585283,-0.894087556213662,-0.839204533344207
i703,0.612321552080408,-0.998651010681926,-0.92344229077854,-0.905994452722448,-0.884551812242406,-0.794089545432333
i704,0.844930695041076,-0.998902097194665,-0.918314200886711,-0.911607351292659,-0.898017495257915,-0.802302203736238
i705,0.624036551591528,-0.999194970209919,-0.9423626635929,-0.918199942987689,-0.90144795057358,-0.865599881982383
i706,0.94434657332513,-0.998550914097138,-0.918649894420993,-0.912939740297284,-0.877044813656135,-0.797727087805864
i707,0.550808478439896,-0.998097068192931,-0.921279734104709,-0.896231524163254,-0.887505924670322,-0.819371816500026
i708,0.56920804404041,-0.999247138293458,-0.926350469446104,-0.923181646013768,-0.889564515604346,-0.860284060874962
i709,0.899383479529696,-0.998085477212063,-0.916100402191,-0.903163435294381,-0.896183282163716,-0.807920142222596
i710,0.563469519057158,-0.999469805282245,-0.938961357280147,-0.897021954059955,-0.873032019444161,-0.829773966912287
i711,0.939940084210683,-0.998835942137922,-0.916555179394004,-0.896773536596132,-0.869641683170842,-0.826777503341309
i712,0.898714630514162,-0.998076656644983,-0.944800178491877,-0.916542332375968,-0.903971404221493,-0.85505655478295
i713,0.588883994711507,-0.998096751678433,-0.933602870388672,-0.899246723441169,-0.889216544665881,-0.799900560604772
i714,0.743736067933795,-0.998902201568852,-0.928784350756047,-0.912572011460911,-0.879064782601358,-0.801553090797528
i715,0.809597618581972,-0.99876710148137,-0.928763302215066,-0.891479633560178,-0.881363531238599,-0.840318210453786
i716,0.821233684003319,-0.999401628714897,-0.93177592945064,-0.9058063647717,-0.871793674853601,-0.842299438168516
i717,0.636093933456205,-0.999053387648367,-0.93248711933698,-0.916263538563074,-0.883216466947065,-0.804783959620095
i718,0.612587903512413,-0.999130988055728,-0.939108193909172,-0.921559156657083,-0.868036952706069,-0.814325406158524
i719,0.77411985004995,-0.999020024953489,-0.939399321712181,-0.896414950693165,-0.885601500855434,-0.833748123285334
i720,0.758338366136206,-0.998466411592765,-0.920175250503622,-0.892336290938841,-0.867955475208892,-0.791155725691966
i721,0.600496814621627,-0.99900185691357,-0.924889152073131,-0.905897418223942,-0.891792581865399,-0.787298246731255
i722,0.674220498042226,-0.998093029779056,-0.934269095475671,-0.908803956859677,-0.897420913899978,-0.811007789803085
i723,0.609971479328519,-0.999523137888732,-0.939367400812074,-0.899528993795569,-0.895229665560592,-0.828414660350198
i724,0.566068078484119,-0.997980906535517,-0.937401703437106,-0.889834712126246,-0.873608469699331,-0.859068182969589
i725,0.716085899853445,-0.999098069845235,-0.936516481333011,-0.902637388397081,-0.873489148377443,-0.788322162847707
i726,0.884728549812875,-0.998201222151634,-0.91901824435067,-0.892156940905988,-0.883270771478087,-0.829213453841049
i727,0.839849895615658,-0.998298643783706,-0.916375771085131,-0.896344416033511,-0.876451581406083,-0.811102758287678
i728,0.980693075073058,-0.998897860367429,-0.94344545721498,-0.903249974701395,-0.885580138119788,-0.864514993535171
i729,0.773319893565179,-0.998556177906256,-0.935302494046185,-0.907233571941132,-0.872346944174063,-0.814443400583936
i730,0.831039035468291,-0.999677572527265,-0.942836131968177,-0.916553622711581,-0.893933426437446,-0.808715248613908
i731,0.699510858178863,-0.999233856168584,-0.926924235711366,-0.907544815327351,-0.893183424913652,-0.827043480701802
i732,0.65333610773116,-0.998491265863657,-0.937739079282769,-0.897652072202171,-0.87571785209533,-0.805614566464345
i733,0.97842464784502,-0.998599882909834,-0.932633983950341,-0.911866542340448,-0.887971833084397,-0.837193312468654
i734,0.61891830230033,-0.998748755721398,-0.930264628036262,-0.892171241188272,-0.882405528992307,-0.819982032103098
i735,0.782789461127037,-0.998396044037072,-0.936909199229128,-0.901139273175319,-0.894183433011405,-0.826395480304571
i736,0.999196030928425,-0.999781713111838,-0.929515791719531,-0.905533607188054,-0.886960099628801,-0.803074858501649
i737,0.956528253056739,-0.998815258767277,-0.921611160245739,-0.903613811429375,-0.893774177967552,-0.812312185087982
i738,0.836857350471937,-0.999117237185054,-0.941803985343534,-0.903656551105289,-0.879051694422456,-0.804929410375833
i739,0.606114338104163,-0.998324213686296,-0.922950770040394,-0.901252752625777,-0.881493792071788,-0.802360480747199
i740,0.877586071085489,-0.998602668630247,-0.931200510485894,-0.920607654934788,-0.902317518918635,-0.867095934931324
i741,0.829257983700204,-0.998027247644552,-0.916685624742118,-0.914523289994713,-0.907013675986506,-0.806982696448339
i742,0.909870454745996,-0.999543616523987,-0.931716203635314,-0.893598805817183,-0.873907854890164,-0.81523215358598
i743,0.888676263284633,-0.999278183924863,-0.929399131811706,-0.918574020886333,-0.887609060553199,-0.798996522185342
i744,0.559839714901267,-0.998580011949725,-0.942765463391526,-0.913059789453148,-0.899286242557275,-0.85577992528624
i745,0.77090169207808,-0.999315473177837,-0.916790863311169,-0.896822125832728,-0.873357987309311,-0.787487631750975
i746,0.710009637925145,-0.999011390825367,-0.927193884315562,-0.904933176889161,-0.880619266056893,-0.801083770686066
i747,0.951904858213377,-0.999141621711114,-0.931918274911404,-0.911626492085524,-0.907441252814508,-0.814847985449698
i748,0.626268282906475,-0.998217010463396,-0.918517176239021,-0.892121450078596,-0.888511606488105,-0.807551940461455
i749,0.596217332504401,-0.999039239423119,-0.918778251837044,-0.890653597248876,-0.878458578805617,-0.847296093603523
i750,0.723291239528032,-0.999659113874009,-0.941629796646113,-0.89704130588407,-0.878507045492379,-0.809687872094726
i751,0.855405179353847,-0.999308342315789,-0.937680098308441,-0.916362565497838,-0.901239802264733,-0.816275274308059
i752,0.889984817230319,-0.999211347994854,-0.927579273589924,-0.893647878526479,-0.893044597211237,-0.86721287736185
i753,0.873586725772187,-0.998792603178896,-0.939569174177344,-0.912415462420146,-0.889822495447335,-0.788144998924339
i754,0.882735787478636,-0.999152917670567,-0.937574222369652,-0.892058212347347,-0.873351098646491,-0.792313540470374
i755,0.681373554938995,-0.998574441563236,-0.940194016108791,-0.910701063012226,-0.870656154042147,-0.82810092548848
i756,0.851166708395009,-0.998233926083834,-0.930108674610597,-0.891648389772842,-0.876169388567834,-0.816324960864415
i757,0.594595186913906,-0.998361974224826,-0.92692866696291,-0.910907428735538,-0.907364840160939,-0.842112450098371
i758,0.976477746912572,-0.998360446550274,-0.932783593451446,-0.917959326659101,-0.870001342522253,-0.804818216507023
i759,0.755981331351836,-0.998310844781171,-0.942723665201681,-0.90319289945145,-0.884638620535311,-0.839316578453031
i760,0.815777470268007,-0.999290281807811,-0.935202607880125,-0.917240151731967,-0.871367955728852,-0.847672046805456
i761,0.819780979613792,-0.998708295677178,-0.929463307697066,-0.913520319348258,-0.871635359114811,-0.835521415267912
i762,0.721207893900362,-0.999573716711809,-0.916055642630647,-0.894096154041566,-0.875749886848736,-0.863227724178669
i763,0.584694302190006,-0.998463314381195,-0.942466696420374,-0.920255757141892,-0.900503102696063,-0.818148332995514
i764,0.656944760046899,-0.998387869983642,-0.926692305952532,-0.910774524029479,-0.889475718129984,-0.84488553763296
i765,0.658864436238847,-0.998233927900105,-0.927296867213814,-0.902261875722976,-0.882493553668034,-0.857239257625752
i766,0.771945969661944,-0.998637508090572,-0.922171917679572,-0.896599481116137,-0.8890400192987,-0.813189637387269
i767,0.639762660358319,-0.99892102099526,-0.93177588871122,-0.907318792664051,-0.888671448665378,-0.791474321209377
i768,0.702466756045538,-0.999262198484639,-0.940570422700506,-0.923666086778594,-0.879725473928927,-0.791484772886998
i769,0.63009681466481,-0.998022351524056,-0.938643438927337,-0.893158748444601,-0.892632984080704,-0.839648344438871
i770,0.775699953267278,-0.99840024083441,-0.919703300914308,-0.910831050733929,-0.904409032678672,-0.79062102972012
i771,0.858283335644606,-0.998102220802543,-0.917847168815364,-0.908767439726461,-0.908355784701346,-0.832797416121929
i772,0.747098310360609,-0.998208576056251,-0.942367960563293,-0.91781428299267,-0.87360667524183,-0.818111405009532
i773,0.983622939398968,-0.998912337145923,-0.930374306252699,-0.898863667234184,-0.882994503455123,-0.850223679424717
i774,0.896737286051358,-0.999440549834116,-0.936437172483424,-0.905138506085235,-0.890424976301255,-0.787722795409729
i775,0.550990285980509,-0.997929719255822,-0.921958765852499,-0.896440988294557,-0.869923374065973,-0.788327130781221
i776,0.954140307041729,-0.999094332693686,-0.923568309914622,-0.919959634641589,-0.907438156762074,-0.847356568842237
i777,0.779400740875676,-0.999327882922992,-0.937337469341735,-0.915190939676715,-0.900387217772233,-0.804736642718801
i778,0.825523010742622,-0.99905302777984,-0.922583804045308,-0.906013763850634,-0.890606565309143,-0.864365731020221
i779,0.874942838022279,-0.998190445681024,-0.920609264394919,-0.910206865588717,-0.898394924921843,-0.819309258960572
i780,0.556155813149937,-0.998491518464426,-0.932999331774169,-0.920882460420935,-0.879328816861995,-0.809412753126019
i781,0.849977860782882,-0.999509951021723,-0.917749837211465,-0.905447491204203,-0.895201028765407,-0.823523191070815
i782,0.895896849710726,-0.998470506567908,-0.945066963712911,-0.921227852320218,-0.889767207482387,-0.827348570704863
i783,0.603241315283825,-0.998748568487223,-0.926981500930408,-0.890695316281087,-0.885000116039521,-0.848250015947515
i784,0.856111960465453,-0.998708437246481,-0.940281757969662,-0.912643325012259,-0.874507815344064,-0.835607823717917
i785,0.868019158081485,-0.998619579081864,-0.934291142723972,-0.924466218941759,-0.869081610392062,-0.850550693866729
i786,0.87787818105308,-0.998811588524029,-0.932936173486763,-0.909626388782221,-0.907683613553347,-0.820086847934693
i787,0.927316168541221,-0.999164446549824,-0.925420916841362,-0.889289377958713,-0.884886653166578,-0.7882010624513
i788,0.819173282811465,-0.998174448171886,-0.93386032964636,-0.916291580949467,-0.885915283901485,-0.857244623764319
i789,0.990148550989298,-0.999048350331478,-0.937618017001381,-0.925609398365341,-0.89474613947363,-0.859070361453745
i790,0.955378292771969,-0.999402538986533,-0.9225421800782,-0.900738819048469,-0.872091602376091,-0.817325846691196
i791,0.572134191275347,-0.998761103538383,-0.939484323888458,-0.915075539975991,-0.902116410759947,-0.829329287159304
i792,0.892739599512517,-0.999781854618789,-0.916219908415973,-0.904280889142778,-0.86962003153901,-0.792169136505247
i793,0.772392865816675,-0.999378020774027,-0.935979227916207,-0.897388350517815,-0.884289827875446,-0.810340289209081
i794,0.624601695725043,-0.998569319496431,-0.942183597265851,-0.919104220243243,-0.881293760522973,-0.866962353065159
i795,0.553964922223658,-0.998718974353551,-0.922214025048907,-0.890933661264162,-0.882365128740865,-0.853599252932276
i796,0.988549592155179,-0.998239948616624,-0.917500430215858,-0.909036618740248,-0.881270525781686,-0.801523951341105
i797,0.575021339514398,-0.999585887579312,-0.934115667834453,-0.923651174286463,-0.868924949767619,-0.795155447660661
i798,0.856487629048722,-0.998152129508327,-0.925461735723476,-0.909724280804497,-0.872857211821289,-0.844127585683377
i799,0.959877611510411,-0.999542068560921,-0.936594905337442,-0.893660911532702,-0.886598528269878,-0.801485244765834
i800,0.88291229708149,-0.998041605204391,-0.938608612396794,-0.923366584189518,-0.886461644493505,-0.795783355491932
