Row,jfinal1,jfinal2
i1,-0.266112117254658,0.427246276997372
i2,0.616218993911458,-0.476720407428595
i3,-0.433274275223576,-0.868611416360678
i4,-0.159369349963481,0.273947981036414
i5,0.00914844307218754,-0.490548223418342
i6,0.305606869615841,-0.100360135970363
i7,-0.303765338492994,-0.894099621719401
i8,-0.0842987473718039,0.0721612179994324
i9,-0.36028648530606,0.264988224088673
i10,-0.419135650000242,-0.222897278540332
i11,0.154686417840144,0.228073119493384
i12,-0.0710233528597974,0.514397275046278
i13,0.0213376977300819,0.395343753568869
i14,-0.00768166528689396,-0.330976096596177
i15,-0.354607316292217,-0.18693040190079
i16,-0.127575232464552,-0.429993485475739
i17,-0.375104172718688,-0.59047876585792
i18,-0.687996558803438,-0.338620860295098
i19,-0.158589469437771,0.537288475811633
i20,-0.386874595855541,-0.743964028258752
i21,-0.197388672550787,-0.105158691453392
i22,0.0601903135213984,0.279280432334764
i23,0.303276638142826,-0.369735953925191
i24,-0.231819363310762,-0.0313290568942387
i25,-0.373376543502879,0.16187147826292
i26,0.494924384926394,-0.198102538098544
i27,0.136133238424351,-0.310617120230688
i28,-0.884678238924932,-0.265913937295742
i29,0.314050236742477,0.0936970571106885
i30,0.16240057501289,-0.148140902083881
i31,-0.370857478158473,0.908884607141629
i32,0.179319772154566,0.656458843604546
i33,-0.0699659106373749,0.0607632034229251
i34,-0.427289076097404,-0.496979538035031
i35,-0.16575752824725,-0.453114385591355
i36,-0.200386679135197,-0.691007710590393
i37,-0.583291356501356,-0.153002584604306
i38,-0.0577625535975124,-0.398738686698765
i39,0.470010276496977,0.422519598720752
i40,-0.211869806640999,-0.626094151575712
i41,-0.0396412076085184,0.590371962826324
i42,0.267976278233539,0.138382360192756
i43,0.00282914273341484,-0.247069982522613
i44,0.164117941376075,-0.0959270802629839
i45,0.348639477760506,-0.482709242809755
i46,-0.0292116185315334,-0.266689865685287
i47,0.739833856923355,0.044048923159747
i48,0.32581106660759,-0.0719482751458055
i49,-0.180030815267302,-0.363589773246577
i50,0.0561600243499993,0.624033007612731
i51,0.193474461073952,0.257033890735942
i52,-0.156915835978996,-0.184368845783236
i53,0.0164434848919255,0.119150602034369
i54,-0.257768208769264,0.191916203542325
i55,-0.261134719579234,-0.400080720894063
i56,-0.354210935240571,-0.727482223108998
i57,-0.221070268487297,0.199481758512303
i58,-0.0191563704185891,0.273979796026652
i59,-0.0502342996921756,0.154237443047063
i60,-0.00544973410577432,0.492527728829799
i61,-0.0222572773089633,-0.24768655243365
i62,0.284189579536856,0.233810113505016
i63,-0.460944867408265,0.324304120699526
i64,0.00398585789510264,0.244745901781672
i65,0.0801656433195115,0.30376788757537
i66,0.173271085601824,0.879318026863374
i67,0.174049324929735,0.64947661718481
i68,-0.394833513103752,0.249865623663573
i69,0.147396228333893,0.680294946711178
i70,-0.17496145941641,-0.601319950038139
i71,-0.102138034207262,0.774118981769685
i72,-0.018462172511712,0.140744473852634
i73,-0.428383541357738,-0.0902965298912629
i74,-0.242479590711919,0.799482296230285
i75,0.049579993970893,0.530379075245378
i76,-0.00713886740489322,-0.0304258290281298
i77,0.11563442116385,-0.0706920059921425
i78,0.0387362047663995,0.363920064805948
i79,0.0658879263782988,-0.457851972465354
i80,0.566575018314172,-0.75247278376462
i81,-0.323830327294858,0.0192734596463953
i82,0.65083808786015,-0.0472112502699978
i83,0.00163874291857358,-0.16022892092617
i84,0.239570874764277,0.440406516556807
i85,-0.168236579607828,-0.318492323327595
i86,0.0497418763171862,-0.272224587929742
i87,0.0644149663661999,0.187153636026098
i88,0.311842733317546,-0.810780931696868
i89,0.337423244580888,0.315646999066544
i90,-0.129363563835887,0.100309575300256
i91,0.224232873989436,0.515676197616905
i92,-0.223905875853681,-0.759939926036156
i93,0.0306903059414587,-0.192115258263114
i94,-0.104250868539467,0.299361334235329
i95,0.811114584827912,-0.667889390765632
i96,0.204974496235467,0.352464328175186
i97,0.230472274897504,-0.184842403888246
i98,0.151143081197181,0.180226372792933
i99,-0.0339127689038382,-0.167971754230826
i100,0.387884761876288,0.0627118982141666
i101,0.159446931975046,0.0979578722879892
i102,0.204306240278211,-0.0890039219378378
i103,-0.444627731118144,-0.0929823663441546
i104,0.541812312061936,-0.375058390245655
i105,0.380785116161182,-0.188600813046744
i106,0.108113545171426,-0.184522522347098
i107,0.330519441625413,-0.0878896708939503
i108,0.167369411991242,0.922819911978192
i109,0.192330033010536,-0.175337365320584
i110,-0.230739687336322,-0.581778058774023
i111,-0.0221459815807715,0.344292705001459
i112,-0.47363242124775,0.306710523925532
i113,0.143658302240021,0.439898236680413
i114,-0.0881753890446821,0.0212604660691937
i115,0.203464537833759,-0.734568930761529
i116,0.374769214313663,0.0522826126192188
i117,-0.165132812382298,-0.577882895070576
i118,0.180403186557389,-0.605841065347698
i119,0.76257714727411,0.0307915961015477
i120,0.92959904177835,-0.458616781389064
i121,-0.193879436272308,-0.581493938623317
i122,-0.0849254577749549,-0.232841972423399
i123,0.497792889820833,-0.633177243523924
i124,-0.0219858652255968,0.00870487788530561
i125,-0.675685595153871,-0.564262766970607
i126,0.527945991636075,0.0391818511383115
i127,-0.136606897763516,0.106865072889573
i128,-0.398499255284491,0.0812790950791091
i129,-0.3360119027673,-0.546462267608717
i130,0.261950952897262,-0.818441240078901
i131,-0.570284156881585,-0.480494870591622
i132,0.0455598589262842,0.11781763167239
i133,0.29937465929017,0.879986006059699
i134,-0.162083225702257,-0.578909060121698
i135,-0.204401440249168,0.454417461906201
i136,0.230963707800416,-0.790314946226399
i137,-0.271902718585295,0.128437448718043
i138,0.352331907909399,-0.0863204085596168
i139,0.0852082126745,-0.356860662128811
i140,0.0909126466901238,0.563176274314273
i141,0.088310727680081,-0.103736756176329
i142,-0.256216248309037,-0.194881808304195
i143,-0.214026422509495,0.227770867198168
i144,-0.00431093299494112,0.320420762746267
i145,-0.597982817533099,-0.2901218082917
i146,0.175448684527683,0.3598089748056
i147,-0.240670249910844,-0.390531528063542
i148,0.187901915882849,0.0159011654589851
i149,-0.0134338449545616,0.5078298753485
i150,-0.0309155320413654,0.255912693096197
i151,0.193249283276451,-0.757199535585747
i152,0.373843343700921,-0.220395309246673
i153,0.0421485157445938,0.00836432769128193
i154,0.171972596524404,0.374982276228074
i155,-0.170547595061598,0.345887563272844
i156,0.395030185046669,0.125233601609087
i157,-0.299348256040741,0.576482027633016
i158,-0.915571810086893,-0.778011118878638
i159,0.11431311689422,0.657029078486599
i160,-0.595180092463504,0.107694173119239
i161,-0.0997924407329133,-0.231758879589272
i162,-0.824885207962685,0.0470072093980305
i163,-0.259330180754971,-0.302689429675177
i164,0.775087608530789,-0.274498943448708
i165,0.0703327017866537,0.212296554341507
i166,-0.195719595701242,0.501868514314071
i167,0.0577039994184481,-0.409322218613299
i168,-0.236985432533823,0.0108671393919477
i169,-0.143173878450448,-0.427281030731436
i170,-0.332879515370396,-0.348840648853469
i171,-0.222171191778827,-0.0752208087749813
i172,0.00138666595910064,-0.47910505382797
i173,-0.123540537536456,-0.27362442417562
i174,-0.07425115769371,-0.292828154904891
i175,-0.135207578820517,-0.772911167825909
i176,-0.485040720427452,0.197958659579655
i177,0.148576763916113,0.596593055020731
i178,-0.0156972551619906,-0.444099299440033
i179,-0.0653866040688702,-0.04217267604528
i180,-0.127793225386113,0.769430695826908
i181,-0.662673811191918,-0.499948501253514
i182,0.0109671450478368,0.515931879341773
i183,0.284659003678932,0.341834073227663
i184,0.227027904488669,0.36779855223152
i185,-0.8177960963328,-0.0916031925954224
i186,0.0216829376431187,-0.233592423476464
i187,-0.0229876303420653,0.125537513299387
i188,0.0223692487578582,-0.726891834192145
i189,-0.201476669728432,-0.139461244879369
i190,0.225048835386888,-0.198013130315275
i191,-0.406324610487605,0.375992110056258
i192,0.198818289881474,-0.00944708686364293
i193,0.0146585570362501,-0.186542679928907
i194,-0.542887428349155,-0.332332583293409
i195,0.626844994320995,0.162056225700342
i196,-0.0320605637761896,-0.168648541559464
i197,-0.0332350864561251,0.114568443255567
i198,0.220307340688601,0.0342779278214869
i199,-0.0675421446500296,-0.194195836641247
i200,0.729553350493314,0.0704269713230048
i201,0.150276465784689,0.40062972180194
i202,0.209541227813973,0.063639876736348
i203,0.848635186938678,0.10110657060949
i204,-0.264237566968083,-0.434881639087821
i205,-0.260118183498767,-0.241099651508619
i206,-0.214606069522257,0.581254380331332
i207,-0.663532358012279,0.215827867565805
i208,-0.282024360439396,0.744164680911331
i209,-0.697750748148632,-0.810894415797444
i210,0.263006263376304,-0.492765783898417
i211,0.331305009338959,0.418146140754662
i212,-0.117631904088577,0.127069576332475
i213,0.034916470615183,-0.0272585096542595
i214,-0.382272401329665,-0.0549061295886059
i215,-0.0303831065252249,0.29301525627288
i216,0.308273702461545,-0.0828116259382763
i217,-0.13081247360818,-0.0556319108959306
i218,-0.275957737106959,-0.4165132232876
i219,-0.139282881505061,0.686777872499548
i220,-0.492608538145076,-0.832935089439893
i221,-0.272784242276163,0.176198497474332
i222,-0.205134138715017,-0.0977911404023766
i223,0.0825214081353904,-0.217510547225413
i224,0.347695264677779,-0.032397211868095
i225,0.162050405300762,0.66142905919194
i226,-0.206837518677599,-0.330755340404776
i227,0.432675094609681,0.189471334692983
i228,0.556155056298526,0.161235715331758
i229,-0.447640044368671,-0.0949219364554834
i230,0.265715960634603,0.402300092745162
i231,-0.318918892925771,0.39103095113069
i232,0.597144065385048,-0.0965676123811945
i233,-0.331552275001766,0.280163744455743
i234,-0.406125682587333,0.401532653177213
i235,0.243198391724428,0.570408433965553
i236,-0.225182251105111,-0.357883921521008
i237,-0.395216915999263,-0.590278920740046
i238,-0.44702510071879,-0.0356099653170063
i239,-0.370311786489929,0.00386176629549873
i240,-0.297202034306578,-0.579782317218793
i241,0.0950039776624969,0.485478797682786
i242,-0.276917353695676,-0.118265397311711
i243,-0.309164076690439,0.29647981521623
i244,-0.770610207403757,-0.365926806496844
i245,-0.017468490477571,-0.234327669093289
i246,-0.470213411549313,-0.0165054622903797
i247,-0.261550849389225,0.309891605730862
i248,0.282358616337613,0.766982369466405
i249,0.383033934989771,0.515851933183058
i250,0.256368811079502,0.231182489115934
i251,-0.53425386135123,0.2966942590199
i252,-0.0416177835029959,-0.259332709778298
i253,-0.151660657915504,-0.12299881072424
i254,-0.450916836358125,-0.266860852619832
i255,-0.14461308749464,0.364759545543586
i256,0.0675061688497884,-0.353801420611658
i257,-0.436098970101352,-0.357977589216237
i258,0.387616314375787,0.541993156819149
i259,0.319299797066071,0.56545039187775
i260,-0.048666027037241,-0.00797493377167013
i261,-0.695527066028354,-0.261707720719213
i262,-0.326597797429416,-0.6958111654206
i263,-0.261150086154298,0.0546576819408482
i264,0.190643633004032,0.697464062987049
i265,-0.199187288830806,0.13996790457276
i266,0.555845209980252,0.0971938693261611
i267,0.218425873628004,0.584356179906451
i268,-0.629840697972124,-0.871866149079923
i269,-0.00554042201867722,-0.674975095314756
i270,0.225979470168768,-0.389018596970136
i271,0.503984623132871,-0.00818833016330212
i272,0.278156639654403,0.452433156019466
i273,0.0263835288954051,0.820388510029685
i274,0.408529485819563,-0.0778722731357252
i275,-0.105730548176224,0.616506043992929
i276,-0.481958601539707,-0.121009001834385
i277,-0.546347377767801,-0.730124956598282
i278,-0.107019591286386,0.681081557074432
i279,-0.660247241795194,-0.688482098082526
i280,0.643902670008629,0.180173874370883
i281,-0.0767536201426647,-0.434695233793843
i282,0.0765500923527147,-0.13127615639629
i283,-0.347820101346241,-0.547041632695634
i284,0.0469973582270038,0.0866817416675119
i285,0.443636525784239,-0.317666898865993
i286,-0.323650621213733,-0.682962493275413
i287,-0.33726311250392,-0.271586026003768
i288,-0.623129740842929,0.0814359364650008
i289,-0.371402180597974,0.141397764764682
i290,0.0251385696517743,0.0498172610251564
i291,-0.37172781168873,0.216101881747028
i292,-0.0926267798783779,0.706457401016105
i293,0.0557195509016151,-0.766164542011485
i294,0.126529531492298,0.456055332138795
i295,-0.163320444365248,0.290324016411576
i296,0.181215097156036,0.519697248619219
i297,-0.123140811531423,-0.740032246540902
i298,0.820512830471881,-0.142348130929531
i299,0.302013229985609,-0.44458612420312
i300,0.681695095001516,-0.102578764261967
i301,0.0970390991263821,-0.356914844025121
i302,0.265150822458408,0.151357050582229
i303,-0.18675621738796,-0.26533346274625
i304,-0.188445653483306,-0.258840616631728
i305,0.0266077629571373,0.052180571345386
i306,-0.1587263925139,0.468960638745562
i307,0.842159056992747,-0.518824877623471
i308,0.226167162871946,0.00784976126396608
i309,-0.242022999244302,0.308266146007398
i310,-0.103253886008565,0.00930632581444324
i311,-0.598280912566361,0.095379862825498
i312,0.342407578690423,0.290798624088455
i313,0.541514853992775,-0.376576238597012
i314,-0.176686766296569,0.446303333066264
i315,0.14336236787121,-0.239046850489293
i316,0.309474507888334,0.00684754634245466
i317,-0.118955871956714,0.431103356375391
i318,-0.510748043054513,0.880713298627412
i319,-0.131189517113407,0.643984544356677
i320,-0.453666660310104,-0.0639939518903068
i321,-0.620313134196648,0.482390605526096
i322,0.093889822567113,0.506445811756403
i323,-0.177633122895194,0.629144278019765
i324,0.505212336546028,-0.202449543670195
i325,0.49341551160834,-0.738561485440035
i326,-0.159986309990848,-0.360840868238409
i327,-0.317304768721059,-0.675150787180666
i328,0.221595377404407,0.049373095262937
i329,-0.119510569137298,0.498522502558774
i330,0.113858138246505,0.308212970318557
i331,-0.110169834796326,0.0364204957792589
i332,-0.00943904859702183,0.201245842556977
i333,-0.277331488971092,-0.53389822906391
i334,-0.606750212726711,0.684825619933876
i335,-0.057613255482914,0.18763019545241
i336,0.153131266637766,0.269840108268018
i337,0.172766572336102,0.166804695520735
i338,0.127874804306394,-0.0739671723802303
i339,-0.0717163951537001,0.618793338667806
i340,0.129865355421364,-0.205851155849607
i341,0.345555342264713,0.445581626305004
i342,0.379991675153768,0.10507131676129
i343,-0.147896950192773,0.336722321359371
i344,-0.339234576036396,0.473012681169254
i345,0.427179425078682,-0.394736580273746
i346,-0.0790261438615681,-0.116750774354576
i347,0.146953538530101,0.304688651157805
i348,0.194321250430179,0.300390280520605
i349,-0.174167568158912,-0.437526130701377
i350,-0.637444135654439,-0.427185527887766
i351,-0.186078623569686,-0.0644683165434707
i352,-0.646023223851205,-0.178675593212689
i353,-0.379968041692421,0.33905627087117
i354,0.207852259367351,0.0733183100934287
i355,-0.024988724125785,0.318905122266435
i356,-0.607018109696766,-0.769979306560495
i357,-0.537909913838599,-0.542215540374714
i358,-0.683450567150383,0.096352131503364
i359,0.242746211413359,0.825105132007806
i360,-0.39020450424292,-0.230446237766375
i361,-0.571443623320999,0.189933641672478
i362,-0.317710786174213,-0.126872747112239
i363,0.404031173365396,0.192302799782094
i364,0.065231765709497,-0.787742439543553
i365,-0.605711839886667,0.294937938458466
i366,-0.518460378161503,-0.737592524506814
i367,-0.513357151710277,0.47287396295257
i368,0.0463494694305857,-0.687335615517583
i369,-0.273983923366423,0.3013054005009
i370,-0.829255988608938,-0.20595399067792
i371,0.054820442740559,-0.146783278194669
i372,0.10998856536221,0.134055268080075
i373,-0.428279008034139,-0.551614543586302
i374,-0.0411754246498943,0.780213166320677
i375,0.0209039429361526,0.257324223900814
i376,0.439974837502024,-0.216271169647299
i377,0.154605673033656,0.663366623018982
i378,0.122724241120135,0.422071017667541
i379,0.732311096752062,0.0764088934088347
i380,-0.134188001124755,0.19850237811652
i381,-0.0338285404046909,-0.156515290912873
i382,-0.224494612732071,-0.43564434487779
i383,-0.00864271747083234,0.304538190473509
i384,-0.0908201473993852,0.036194662450906
i385,0.106345521546662,0.987587697044438
i386,-0.28790488208847,-0.615709546348422
i387,-0.0681130529124262,0.0979942586370579
i388,-0.860624136939778,0.0442550789449854
i389,-0.465107565605697,0.057081298726479
i390,-0.616944538102424,-0.5189659259082
i391,-0.263598546700182,0.0238244510547354
i392,-0.00613091001119148,0.337137455636515
i393,-0.627931476464725,-0.255023710837282
i394,0.173066023817306,-0.0230233473819282
i395,-0.155818114698233,0.185055751187277
i396,0.11508785370172,0.288699892974939
i397,0.263692653108248,0.37882355799121
i398,0.145573584634985,0.610355727068536
i399,0.252025536583955,-0.239667713502635
i400,-0.541911750178981,-0.430637127511876
i401,0.130511311022633,0.966993230475436
i402,0.0812859455952122,0.634850956806603
i403,-0.191058981188252,0.173284627458174
i404,-0.27381497457207,0.671925128895494
i405,-0.78954356949451,-0.309857721461414
i406,-0.530292105525272,-0.1218930569462
i407,0.266917642912904,-0.0401419232117777
i408,-0.472757622844444,0.0250252170257133
i409,-0.335456099932432,-0.68281157479565
i410,0.481189810469876,0.0666933164866474
i411,-0.147430911264356,-0.0314976715278712
i412,0.289848392832698,-0.338884397544704
i413,0.203200703231798,0.305097805256797
i414,-0.0724205072717364,0.261878630750564
i415,0.0497627624672841,0.359514261578318
i416,-0.0749314478691174,-0.914734756539496
i417,-0.090378503935621,0.389729642002871
i418,-0.035162658545967,0.964487646361695
i419,-0.0949597833743183,-0.79241261252818
i420,0.0431077386928402,-0.00430680516765036
i421,0.157792659102816,-0.0222587727134368
i422,-0.273179037939648,0.324509455283466
i423,-0.124292694825307,0.533943658289849
i424,0.384305386948347,0.126791704972398
i425,0.164722722995116,0.496052965535555
i426,0.054621890655091,-0.280190471737879
i427,0.456539502032025,-0.0117684571336495
i428,0.441939111048975,0.00787590547938022
i429,0.140071916761629,0.156526669964761
i430,-0.256775740570109,-0.0701516087847058
i431,-0.147732733475813,-0.714323802880571
i432,-0.365904833315391,0.481188402227457
i433,0.816834280779026,0.121355324913522
i434,0.851823807773087,-0.226773240473144
i435,-0.173922038113248,0.184542996209686
i436,-0.0636794901384985,0.106812837609535
i437,-0.320571800568912,0.00582291249713562
i438,0.18479384156881,-0.295744997629387
i439,0.0670351287593778,0.801851026025034
i440,-0.183722893512318,-0.377923594052326
i441,0.0543403617995575,-0.312624014173062
i442,-0.218316238784372,-0.859951753189242
i443,0.180433497279224,-0.445281981714325
i444,-0.420120813172315,-0.333753847817714
i445,-0.282797257379574,-0.421479741190506
i446,-0.599004397966997,0.201327111362326
i447,0.173497223682439,0.0247034482685289
i448,0.071014041643457,0.752358622309005
i449,-0.157604718862505,-0.00594061431274651
i450,-0.456336175981045,0.165099937928307
i451,-0.240672750941109,-0.136915520315338
i452,-0.668154676094349,-0.0708807866378454
i453,0.335187779065529,0.216588097729525
i454,-0.112991378428545,0.0969301427037983
i455,0.674160847049968,-0.229856286347126
i456,-0.154081599931893,0.12428501918087
i457,0.349499169117919,0.289854307195712
i458,-0.30097392275874,0.260980310960369
i459,0.0143011064727032,0.268232088567967
i460,0.222475272553822,-0.0867207469139917
i461,-0.262006927509666,-0.00294040395775741
i462,-0.206299825528385,0.346652041938714
i463,-0.00398932507524763,0.570224709498899
i464,-0.391329065785813,-0.582523723560482
i465,0.269314007708377,0.434527038082326
i466,0.00742355700123398,0.349111213671313
i467,-0.272532128736497,0.226498502802151
i468,-0.151121505704083,-0.190849443388655
i469,0.185497713109486,-0.140363033889714
i470,-0.0815413881282323,0.0241797369771604
i471,-0.269643743099147,-0.821972625549237
i472,-0.0418111734545142,0.117126456179081
i473,0.0676540189978134,0.335758435334758
i474,0.130493906842744,-0.106067198009411
i475,0.187763217186221,0.665703814253538
i476,0.402126783615335,-0.332678385963607
i477,-0.0999190209870836,0.145147464799253
i478,0.0458819526690017,0.458833264537442
i479,0.431504956453664,0.0483074145297948
i480,0.31580839928747,-0.656347036513618
i481,0.267638571077207,-0.50998113995855
i482,-0.27539333178856,0.418044117925924
i483,-0.401455931345373,0.102252470678383
i484,-0.355899354262696,0.00847721290756365
i485,-0.293399753851318,0.34673728173353
i486,0.155674467155,-0.096339722899616
i487,0.442139765684973,-0.899934394382778
i488,0.0835057816464571,-0.358103192529627
i489,0.510700616064677,-0.152267875414222
i490,-0.433306580366613,0.425233491119226
i491,-0.297723830496156,-0.463586003430672
i492,0.518902371369733,-0.439630131722446
i493,-0.72275009845337,0.0357883656200595
i494,0.00598350889914756,-0.540657145329758
i495,-0.492868439772584,-0.288403715467233
i496,-0.389860979759525,-0.288581195277933
i497,-0.255677185073068,0.20696350684786
i498,0.268124705377595,-0.193644385653122
i499,-0.450120912023635,0.0601479564751524
i500,-0.0874933237728936,-0.172422421632588
i501,0.082176698942108,0.199792539129755
i502,0.198021978888659,-0.191048028054898
i503,0.427209677965002,-0.155966115734819
i504,-0.542441892125489,-0.262373100795878
i505,-0.074013145677329,0.140319609202432
i506,-0.205492591704647,-0.530529049533793
i507,-0.250171119740479,0.0656430035671418
i508,-0.107211150694962,-0.409738380168184
i509,-0.205256667641208,-0.228300980299773
i510,0.223870822336864,-0.950008505989597
i511,0.134783011658898,-0.369300205260294
i512,-0.598427556941442,-0.420494039399087
i513,-0.123783616425531,0.517386429574703
i514,-0.153287422396048,0.605101692622948
i515,0.832168782302131,-0.379943745143655
i516,-0.264367620866879,-0.0742304422024895
i517,0.21716113027348,0.588132282388435
i518,-0.485420563815033,0.205557508936459
i519,0.249928928149068,-0.150824922597338
i520,-0.257384721998604,-0.39744794793666
i521,-0.170179658993096,-0.654512414404804
i522,-0.273264237312852,-0.171487005598037
i523,0.38525080677982,-0.489003020777302
i524,-0.647055625741868,0.0447351003257828
i525,-0.1839784546752,-0.764834505607011
i526,-0.0626500406293001,-0.0704454329606735
i527,-0.444647967012823,-0.561119158518412
i528,0.196363821063368,0.527584006149888
i529,0.208819589058647,0.182776057865124
i530,0.417350187549194,0.485635772303791
i531,0.597195118593182,-0.746425497070082
i532,-0.0609596970055489,-0.0123536864159685
i533,0.134014337223913,0.355604981645481
i534,0.262923232787563,-0.209046880034351
i535,-0.195051176882339,0.307478085008638
i536,-0.275595128839757,0.0881823464781768
i537,0.297931836124115,-0.0497900315365887
i538,0.00119502320974219,-0.509591775094664
i539,-0.0584235299165856,-0.385079216806352
i540,-0.432867301864782,0.266851026396117
i541,0.187005725639705,0.920410991739087
i542,-0.155413347495782,0.10563505610528
i543,0.0397336118806375,0.128347197019216
i544,-0.0397729788488329,0.657104750409925
i545,-0.15016206762095,0.0425558928927587
i546,-0.0184934760202722,-0.113470100782919
i547,-0.142213037175168,-0.349793266418771
i548,-0.0933230019051245,-0.617260058115905
i549,0.182492356755739,0.0207755265520579
i550,-0.375795207925825,-0.681103210861812
i551,-0.469403204379471,-0.096244957912239
i552,-0.00191118350143926,0.728760662848811
i553,-0.359741421975653,0.116318406470032
i554,-0.0052507972186342,0.246505295178439
i555,-0.227902047528408,-0.25461721936797
i556,-0.516807235383609,0.354901837764444
i557,0.0111942627724373,-0.322535709350916
i558,0.292600500661741,-0.757388744789949
i559,-0.729853337915095,-0.199379958891809
i560,-0.328395413938433,-0.282097576068214
i561,-0.197932207595049,-0.165870041058794
i562,0.0695571606167822,0.182061412127056
i563,0.249501747022226,-0.122487313441662
i564,-0.301167498228789,-0.54082350379325
i565,-0.0102456160767572,0.59321335638446
i566,0.40210830058764,0.0889806806077238
i567,-0.184935497762931,0.322029966935085
i568,-0.0208934503998981,0.488672196423799
i569,0.00516617423851651,0.570758888738689
i570,-0.186974630247083,0.103608478785192
i571,-0.537919212675828,0.64452600529698
i572,-0.270263144406273,0.0312031486424365
i573,-0.09818604143261,0.430053013713814
i574,-0.196485304821583,-0.061144363032907
i575,-0.303618906972322,0.462391821026073
i576,-0.124385854601662,0.44461882701234
i577,-0.596757566543744,-0.0419836431082035
i578,0.286709225448603,-0.767137791988913
i579,0.287602161562039,-0.432215392067174
i580,-0.351641682460112,-0.693888984407244
i581,-0.0231718874805583,0.475140860515742
i582,-0.452639228946494,0.283452914793601
i583,-0.45686915362343,0.413577643803841
i584,0.120601289761708,-0.187438167104004
i585,-0.0756249614275779,0.0606808246271309
i586,-0.417013168653193,-0.305227858101046
i587,-0.552698137104623,-0.319663627384043
i588,0.187620156462529,0.0246931255484613
i589,-0.121538705965574,0.258582171945783
i590,-0.204874727759665,-0.0809012904525308
i591,-0.474305492733477,0.628912114939019
i592,-0.226036392474223,0.0965915047485646
i593,-0.24501575340039,0.510149671151955
i594,0.066391916715725,0.537027003566819
i595,-0.225516606318663,-0.306398976959968
i596,0.0539183923951629,-0.924388108335139
i597,0.342714111128877,-0.430016022942052
i598,-0.177231337708788,0.540197334185003
i599,-0.123091901182801,-0.744119118218157
i600,0.318777702153729,-0.691527328036614
i601,0.175154117058086,0.480904704560956
i602,-0.0574368974277509,-0.0563298065837229
i603,0.38912080778837,-0.398817723422803
i604,-0.340438635734925,-0.533829721524114
i605,0.193012328973082,-0.319013778898539
i606,-0.123990875002724,0.368263361891867
i607,-0.158355852524983,0.318028117992417
i608,-0.19949513444748,0.222681585816503
i609,-0.125142128135083,0.126428050950116
i610,0.281328867314113,0.730904096704212
i611,-0.546723959718117,-0.255781826578857
i612,0.507024108442563,-0.144948589034257
i613,0.101087870639051,0.167450507606376
i614,-0.0286051020451511,0.324613649997434
i615,-0.457702522463811,-0.485732442203045
i616,-0.452824450119055,0.115303074327992
i617,-0.324328408581922,-0.0531008730980276
i618,-0.194822624438971,0.416451789888601
i619,0.509138773335709,-0.246643617987051
i620,-0.0510122739161507,0.471606138912927
i621,0.140371289228256,0.419968243454592
i622,0.301068126709305,-0.186100744354365
i623,-0.639452591909541,-0.0614276146999762
i624,0.175159250908111,-0.674357608625968
i625,0.137660964146374,-0.303010646117374
i626,-0.285379632997896,-0.733036672921192
i627,-0.259597482633476,0.244107226069225
i628,0.252559366274847,0.146415457098389
i629,0.552901582048644,-0.7460736565857
i630,0.0989751317187475,0.468672234315904
i631,0.212057151708767,-0.319722069459167
i632,-0.903909385561179,-0.0925391821131512
i633,-0.0454563978454636,-0.684328855294215
i634,-0.179716117816404,0.0245907596517938
i635,-0.370198928098622,0.040079080832524
i636,0.030292433948951,0.187754825166435
i637,0.408874259386224,0.290350615719052
i638,0.114382925245353,0.305941686335937
i639,-0.132867082475649,0.927621906156064
i640,0.0759702238083537,0.40791653529151
i641,-0.782662375846,-0.223993077952163
i642,-0.172854781037585,-0.691002878319328
i643,0.0334252407210704,-0.327921685793905
i644,-0.103007294888099,-0.27760887737047
i645,-0.426593001927452,-0.038964540089969
i646,-0.26107421831476,0.693914685646562
i647,0.401071658230879,-0.208446266123344
i648,-0.312124941348265,-0.00180895643952128
i649,-0.625914031427762,-0.0158306370079965
i650,0.77085569947407,-0.224569605438268
i651,0.152811549826379,0.96179222297448
i652,-0.459906821728275,-0.6118935377226
i653,-0.231199567410146,0.116240705898586
i654,-0.5138406535192,-0.863135854951873
i655,-0.810982717274678,-0.198984872744887
i656,-0.0288280926121257,-0.256604764829997
i657,-0.371448787985943,-0.0917059091675184
i658,0.0463068160192641,-0.00533787851944612
i659,-0.265261842058479,0.423952560244296
i660,0.132873750611918,-0.172185435622281
i661,-0.585999875936138,-0.0694493157826321
i662,-0.336159909840393,-0.298881747509433
i663,0.476828883470984,-0.316742063854129
i664,0.232375218959322,-0.0261291457479925
i665,-0.778544480006074,0.0310400777096691
i666,0.661622178913688,-0.379871433109995
i667,0.66644077586412,-0.542576583311039
i668,0.389869281592357,0.141870165638709
i669,-0.371454672096067,0.169909544721164
i670,-0.146354765259933,0.354715878995154
i671,-0.310393692555095,0.374159310834249
i672,-0.0776968698055844,0.260805952968012
i673,-0.417012887575179,-0.513712471119773
i674,-0.21361119520753,-0.0598715907741021
i675,0.395235655403051,0.23929712188677
i676,-0.0886102844672091,0.0583155464749734
i677,-0.319544830294707,-0.234328190090258
i678,0.164636149430957,-0.0819822838419045
i679,-0.158651156249219,0.277074665471531
i680,-0.52216746011154,-0.202906757052998
i681,-0.244441588033467,0.260222754778279
i682,-0.421543138106899,0.592689709359337
i683,-0.673791211504899,-0.556452478214364
i684,-0.0755865880660496,0.276772138082924
i685,-0.179467482013154,0.463680599307795
i686,-0.223182344087026,0.0252824540675776
i687,-0.201716081379138,-0.397054954792204
i688,0.0308887283626087,0.616553934754853
i689,-0.215286509612705,0.0585655051204474
i690,-0.0772277397857198,-0.0789794735986811
i691,0.13271606905026,0.303774461628687
i692,-0.719114430810499,-0.499595844063435
i693,0.166770632081452,-0.477377783574394
i694,0.0635486236353999,0.390106483346552
i695,0.0228670094520971,0.0696820378719485
i696,-0.134685739684263,0.627919808782811
i697,-0.0202003691424073,0.363475449222303
i698,0.161191625523779,0.581723398361632
i699,0.701468376024041,-0.159941297432027
i700,0.0527064362818996,-0.611826963447953
i701,-0.0822171256417449,-0.323144769646743
i702,-0.28908701585289,0.180227986898138
i703,0.433087446637662,-0.538487873130279
i704,-0.0903635028936769,0.0492446313069088
i705,0.683971351656399,0.0129060257500411
i706,-0.216023998642199,-0.490879107305445
i707,0.518033132796115,-0.186809804658078
i708,0.176410039449106,-0.765905772161496
i709,-0.137905930354563,-0.964885562176871
i710,0.337712240899377,0.207090962117503
i711,0.123171348964788,-0.0555792982630976
i712,-0.1890991901818,-0.261007343517443
i713,-0.266304282642033,-0.501135569735227
i714,0.206492317784322,-0.14705911353564
i715,-0.239294244984573,0.719455751879034
i716,-0.141232446635501,0.567261179333338
i717,0.0553641726186453,0.122504809729271
i718,0.260760213994231,0.354232969662879
i719,-0.235279617951214,-0.229725376135561
i720,0.048434985160082,-0.374948216818083
i721,-0.0762546787492178,-0.16228343541419
i722,0.191186326303459,0.782320764995766
i723,0.46355412273314,-0.0195381896219737
i724,0.0417561098249939,0.658032268244714
i725,-0.3302776338422,-0.427580555850099
i726,0.341771547759488,-0.11265937076439
i727,-0.457710013243205,-0.487593230358161
i728,0.0566760104745696,-0.737815864366721
i729,-0.368413732947111,-0.428969675187542
i730,-0.334919838019614,0.557286660102091
i731,-0.130989988943934,0.398617867337159
i732,-0.141084032266913,0.672226166361765
i733,-0.857748980812865,-0.364862511730771
i734,-0.150978782346301,-0.430071369763736
i735,-0.22310107263786,0.280912678397061
i736,-0.0406634221415134,0.683293827744992
i737,0.222333750894733,-0.346535055608892
i738,-0.273195004032414,0.644562263448978
i739,-0.247058421001739,-0.0363446245396627
i740,0.197213610550047,0.141923812173965
i741,0.229448457322701,-0.327324710982766
i742,-0.0314694253844772,-0.199033370978854
i743,0.435614020863075,-0.241067760021741
i744,0.0925649330262921,0.245422111734493
i745,-0.0964098441406541,-0.247512775798056
i746,-0.156727172807422,0.188130926298724
i747,0.50326171281444,0.0146246709868807
i748,-0.206697937633553,-0.55867347367177
i749,0.0602137039485013,0.318017714423725
i750,-0.535279506404145,-0.187925946305703
i751,0.441309082443502,-0.103324544992383
i752,-0.136610656296724,0.34425131237095
i753,-0.545279323042792,-0.0774773272643479
i754,0.0678278426911181,-0.211577993034452
i755,0.33807742568067,0.647556810517278
i756,0.257283594804496,0.16492425181634
i757,0.0611212422545122,0.178274165408581
i758,-0.0883301375287001,-0.0941728143641486
i759,-0.0880221429339683,0.136389608132764
i760,0.483636348477749,-0.129122930114765
i761,0.0765479786614762,0.251423857244883
i762,-0.325153077838465,0.392911651448501
i763,0.426029413480439,0.126168305054979
i764,-0.363203416283524,0.514864757601378
i765,-0.5300322980737,0.232068484130612
i766,-0.0436875861888224,-0.456125839942339
i767,0.196153659968609,-0.448880139152335
i768,-0.0623577027460401,-0.103481492338716
i769,0.0112174004407135,0.396290886844892
i770,0.0289892860487457,0.569668029087095
i771,-0.722941328634739,0.164651542594304
i772,0.307430481731136,-0.00947604797689394
i773,-0.0818948738102855,0.839509056239046
i774,0.380773636519945,-0.399669617190402
i775,-0.350042476825787,0.203646699087766
i776,-0.00237720154785614,-0.0301523122252491
i777,0.0722714916377869,-0.122173694501685
i778,-0.0246466404509439,0.785765113460474
i779,0.0521520584143444,0.815034533896451
i780,-0.146655085313552,-0.303176017362492
i781,-0.0977258103925505,0.478338277008717
i782,-0.149306191819325,0.416478607758884
i783,-0.196563214987938,0.54089503212512
i784,-0.172785853149941,-0.283708854568873
i785,0.17496434462272,-0.0323168567235507
i786,-0.0242739764767437,-0.405309846462932
i787,0.0794901057823021,-0.193913779411429
i788,-0.0599401566951533,0.668541792886662
i789,-0.0305402390345793,-0.600348818953631
i790,-0.0958587183699277,-0.0992402960110697
i791,-0.338817708727167,-0.558834750587829
i792,-0.380427325454305,-0.716046522023344
i793,0.173694977253033,-0.291640036840641
i794,-0.537797164949004,-0.713282650251028
i795,-0.156319895435533,-0.229985752851398
i796,-0.0152039628525801,-0.268700446512474
i797,-0.162625128275112,-0.384584422373212
i798,0.104586030305496,-0.640277159433566
i799,0.0151446270770086,0.408569571091056
i800,-0.352650779277175,-0.122231827453708
i801,0.330313750151858,0.455311053375806
i802,-0.506029996553295,0.29240452704383
i803,0.2014087348826,-0.0846501765969206
i804,0.323044854942707,0.257465594809474
i805,-0.00833217623096449,0.568111546835129
i806,-0.373175909085259,-0.290815221069738
i807,-0.21275348086001,0.135574397294439
i808,-0.703374070855362,-0.263789134846843
i809,-0.364863767598324,-0.026627828660698
i810,0.104840550269421,-0.278647633869559
i811,-0.337042537922245,-0.644789195698058
i812,0.0887356990680428,0.398776792255559
i813,0.276367335664217,-0.738986460835283
i814,0.251534375209697,-0.138283422118951
i815,-0.435086994887971,0.495619929443053
i816,-0.0762910426918643,-0.335840457031622
i817,0.174095572794392,0.269752908625472
i818,-0.0376706699759124,0.164670845418969
i819,-0.201137301197812,-0.102660809949598
i820,-0.116865531826678,-0.372758911911793
i821,0.278217244837684,0.521365718584946
i822,-0.423665400587713,0.464568366293151
i823,0.553277751526765,-0.230752484873913
i824,-0.407217044599289,0.192021067201388
i825,0.708405366744914,-0.252727891290778
i826,-0.274465466738664,0.643581283270257
i827,-0.330013555280138,-0.167998221718097
i828,0.0677006679659531,-0.46082445542885
i829,0.0845265325418918,0.132830235006616
i830,-0.276472878517162,-0.0127594006589578
i831,0.0724652032814734,0.395395615854038
i832,-0.105699063974019,-0.0442188869344409
i833,-0.0147211479919354,0.0159879479227449
i834,-0.00268825813542273,-0.317034045126783
i835,-0.827162144965871,-0.466543675850523
i836,-0.367284514350906,-0.336386706894011
i837,0.0826969853932102,0.135385390184047
i838,-0.356299989238895,0.0607776303771137
i839,-0.360404037869629,-0.107501733384925
i840,-0.41996498180084,-0.23057376616747
i841,0.708383640295702,0.197025586431432
i842,-0.692781705559208,-0.349110213397369
i843,-0.449329355593261,-0.266887881779536
i844,0.170943410577832,-0.176036007748065
i845,-0.4658293059425,-0.167283886283123
i846,-0.0990527368092778,0.251181255570475
i847,0.583286110226232,-0.407046687142594
i848,-0.312533483275748,0.41324760114844
i849,-0.261884588422738,0.0618915884182614
i850,0.0424951957887709,0.586133904115987
i851,0.376893429913263,-0.746336514321764
i852,-0.566377848330965,0.0932950833670965
i853,-0.030711478413341,0.807603678335882
i854,0.0466403383871778,-0.543995531568854
i855,-0.110970526127013,-0.865279084113309
i856,-0.153302717965011,0.328430605813375
i857,-0.357969121387581,-0.293407897996042
i858,-0.284047439477895,0.715221186130896
i859,-0.17908575180706,-0.571043146956994
i860,0.247778928748676,0.254303855548099
i861,-0.0959878792632858,-0.202608278305881
i862,-0.17962691398324,-0.230325477725477
i863,0.0423659998890076,0.113586326011818
i864,0.0792234688739744,-0.454052599355625
i865,0.23226538581769,-0.433215353305045
i866,0.337608581447958,0.747638275893687
i867,0.338042602695081,0.400378115146763
i868,-0.576043420368771,-0.380904367264055
i869,-0.519325200610846,-0.155390728436603
i870,-0.0691792179305459,-0.325457822141242
i871,-0.366850503954816,-0.427452929225639
i872,-0.668116987502354,-0.106948002934632
i873,-0.19113158412264,-0.549108771771399
i874,-0.547094087050367,-0.219508911420583
i875,0.141726919988971,0.59621991161733
i876,0.554173582488854,0.261166331717961
i877,-0.563442803347352,0.138062377262085
i878,0.500302544844339,-0.0455250764872067
i879,-0.14648363132779,0.575191980865057
i880,0.164328910189883,0.717677982678732
i881,-0.209120701930618,0.0311873094953579
i882,-0.121622208825029,0.34815974927595
i883,-0.389974376670326,0.194133174980206
i884,-0.0389436776340022,0.356433864854159
i885,0.407149243622341,-0.172038495943163
i886,-0.187459304680742,0.354519096853029
i887,0.34755074963902,-0.252133680172781
i888,0.559897549126539,0.18496317511077
i889,0.409740090839771,0.0392739384234366
i890,-0.328944542089398,-0.54607711787988
i891,-0.31594005213296,-0.150505155669693
i892,-0.199663671384273,0.381071799747306
i893,-0.250856346076931,-0.342944089532963
i894,0.160871894461076,0.735539866426227
i895,-0.416890630311556,0.070531321258704
i896,0.749431536254941,-0.146020200016473
i897,0.364565416731337,-0.296105419270528
i898,-0.170541393650614,-0.154804555449922
i899,-0.0635311999428287,0.428474487001614
i900,-0.0536449161064652,0.62851660086989
i901,-0.239573634237067,-0.0241681125305628
i902,-0.209185011481981,0.282108117609664
i903,0.473851012656226,0.511138714681383
i904,0.070704868180683,-0.44463369744305
i905,-0.153446751701,-0.545362048783913
i906,-0.435128261694218,-0.158138728572702
i907,-0.247635896263012,-0.0708443045045087
i908,0.0142286276359667,-0.687100442075765
i909,-0.139943155663809,-0.108090692446928
i910,-0.182911182570863,0.00473084919578359
i911,-0.17462106191025,-0.0385096741957694
i912,-0.111585144385114,0.351370538843773
i913,0.649370063297034,-0.816554799223015
i914,0.439986637543513,0.0793417496171442
i915,-0.828402750922574,-0.583924323790048
i916,0.307862885738196,0.350508814086267
i917,-0.286065221683916,-0.497455378665635
i918,0.476534692962106,-0.257718726968783
i919,0.582266063937972,-0.14749192610479
i920,0.474601769995538,0.0248108656084065
i921,-0.0801161433870297,-0.272630360476637
i922,-0.751385973430193,-0.797968913996553
i923,-0.452616564994756,-0.923748304711371
i924,0.0374483095787428,0.156138902285428
i925,0.608821247107076,-0.565114113434152
i926,-0.072610022521587,-0.112508661985042
i927,-0.30391014800249,-0.685055995708094
i928,-0.16453490922976,-0.194702530120915
i929,0.38693626939623,0.731889151841674
i930,-0.084654337409538,0.0839242411386292
i931,-0.27289038741854,-0.742613695522167
i932,0.357090008796177,-0.0917849869275928
i933,-0.218845544293716,0.571095799165374
i934,-0.0637011978657019,0.387836115744487
i935,-0.331183586616788,0.27684899284306
i936,-0.219776794244132,0.122762172866914
i937,-0.547992254344916,-0.305937059201291
i938,0.485937058068394,-0.0154233617352647
i939,-0.0280850401141138,0.290693624623429
i940,0.227669571866636,0.236910746360474
i941,-0.0802443973236644,0.236229833013759
i942,-0.485938179725275,0.922022528917093
i943,-0.0243959621431918,-0.0168611823353065
i944,0.297803750102596,0.148231763434109
i945,-0.0741604838832665,0.764983858981566
i946,-0.329315884880586,0.519780297167122
i947,0.0238033011845356,-0.253216561044051
i948,-0.114320869405099,0.0369495171570555
i949,-0.0504992381351805,0.195907229073181
i950,0.04041524638505,0.0526829447989685
i951,0.110016527758382,-0.391182105062428
i952,0.255227844374325,-0.0812173193223037
i953,-0.215554258999317,0.530891386283263
i954,-0.188179163077376,0.808641238053589
i955,-0.102240816602899,-0.672395746051912
i956,-0.743138142605288,-0.441527377670529
i957,0.235546502272991,0.420469355015281
i958,-0.0876755577311529,0.803334361739221
i959,0.931456457412585,-0.40656802097055
i960,-0.237524211638987,0.230475203004606
i961,-0.104476824470157,-0.770696571109568
i962,-0.280085973637478,0.0244346560707112
i963,-0.0541740492211441,0.761169473535008
i964,-0.409635089094366,0.216238223031696
i965,-0.0567823886462391,0.300793586997239
i966,-0.0925959271481553,-0.464024983381285
i967,0.582283198645058,-0.246676727146727
i968,-0.151230551561297,-0.522650907799628
i969,0.232945158488535,0.13496184571686
i970,0.295655561217528,0.260105642286301
i971,0.604062432886736,-0.141471922883658
i972,0.0530537778905527,-0.512522192966162
i973,-0.331154402991391,-0.626664955435558
i974,0.351101800996612,0.366821311000189
i975,-0.0367433951570998,0.340693559084593
i976,-0.168976532730613,0.784043023474136
i977,0.515763107481221,-0.0873191358858556
i978,-0.315067668383062,0.504605837275154
i979,-0.381683523254467,-0.783982943536257
i980,-0.867023761553587,-0.604016668587022
i981,-0.285285368964174,-0.333397722479661
i982,-0.362765528534899,0.413144607057029
i983,0.00616023018958178,-0.603460237321418
i984,0.149535790483405,0.51132132167192
i985,0.337092026070925,-0.544506858906505
i986,0.222876120935683,0.355226705520964
i987,0.0650013409493855,0.246094827388517
i988,-0.505304514025206,0.552643332208571
i989,0.391892439538415,-0.23754633116443
i990,-0.247110354725134,-0.322482858180193
i991,0.0126750886286475,-0.278696499850819
i992,0.778394215993427,-0.504806669774592
i993,0.394864589651831,0.690961713382352
i994,0.171858735217776,-0.0978583065396114
i995,0.0214681464479396,-0.44238884132212
i996,-0.062516489672958,0.0374937570900715
i997,-0.135933774277552,-0.31366706807886
i998,0.120027392876316,0.794230901805591
i999,0.196728467693701,0.0394223314141813
i1000,0.00143724679901625,-0.223249368262368
i1001,-0.121775252005177,0.384699720522889
i1002,-0.363145806510674,0.216627541590242
i1003,-0.243300481190217,0.528255324471344
i1004,0.215217552424555,0.611261069053018
i1005,-0.193864008167731,0.0886381347221132
i1006,0.28195756317888,-0.304910368223628
i1007,-0.157092374324245,-0.305073400286984
i1008,0.123559064201483,-0.112468207230823
i1009,-0.415386444331074,0.310741706872446
i1010,0.602486852525485,-0.310405956757603
i1011,0.245163540279886,-0.754122349915696
i1012,0.215936876689078,0.65446672843206
i1013,0.225275709482421,0.0741856394995519
i1014,-0.370942341543875,-0.167189649427293
i1015,-0.189441071037205,0.29364894751205
i1016,-0.179094941962759,0.153592835666354
i1017,-0.249655970301689,0.0143596746133705
i1018,0.230026478585416,-0.489485200879887
i1019,0.522814895098935,-0.00492314310342856
i1020,-0.320393932916303,0.529574490182039
i1021,0.148433187735887,0.0298441319118516
i1022,-0.133526970553311,-0.686517315255791
i1023,-0.235313477886062,0.045475820432793
i1024,-0.597666878669198,-0.151465109894654
i1025,-0.295393145924978,0.444374000958459
i1026,0.141305819075118,0.449707845740458
i1027,-0.320079590098788,-0.773475645984448
i1028,-0.433501795709631,-0.131870090923358
i1029,0.00317997394278224,0.0492887811373239
i1030,-0.561041142959782,-0.48087591645094
i1031,-0.0813097203783909,-0.468078992880458
i1032,-0.764366240576243,-0.0977774800431361
i1033,-0.896252590983567,-0.18584391486441
i1034,-0.00127704409548401,0.133582213865862
i1035,0.274748173272662,-0.0450136840621558
i1036,-0.783622706810441,-0.0800215896337891
i1037,-0.826971294796875,-0.618139571530419
i1038,0.0343037330475895,0.0655834696232771
i1039,0.0352439616236231,-0.0637851065933036
i1040,0.281162262884671,-0.687482716816835
i1041,0.00783041680273588,-0.281589383497126
i1042,-0.17519204240203,0.418595407729227
i1043,-0.0849395277708508,0.384896387219762
i1044,0.000282821910277287,-0.038064535980348
i1045,-0.473749490964178,-0.445431244272843
i1046,-0.10792893778218,0.0698959521316216
i1047,0.0647966269180094,-0.713707086497755
i1048,-0.187841369671356,-0.237824029228623
i1049,-0.185288581753891,-0.028271356885853
i1050,0.234251984523235,-0.194358522151937
i1051,-0.0639895993434634,0.421174065117368
i1052,0.484501629004096,-0.0558330574173667
i1053,-0.213814372671993,0.159676398364635
i1054,0.144899596428677,0.0615237417790284
i1055,-0.552813167759843,-0.175587711882105
i1056,-0.414938900960345,0.669245385714631
i1057,-0.605518611928944,-0.204261607300457
i1058,-0.228669486904862,-0.368446916327101
i1059,-0.170764158887434,0.35529138494327
i1060,0.0381283219009081,0.379972693812203
i1061,-0.358533032244024,-0.0698141588603789
i1062,-0.309937213350213,0.21720351529499
i1063,-0.445893350352362,0.310241559736419
i1064,0.59612303704645,-0.665930210396974
i1065,0.022686042201798,-0.517702229388675
i1066,-0.258947659016026,-0.667738553642532
i1067,-0.875443940176513,-0.0778675604496624
i1068,0.052948965867275,0.326018676933986
i1069,0.677232696218031,-0.0257604247014649
i1070,-0.196532994180263,-0.193515643354573
i1071,-0.323914054256711,0.0521279293367423
i1072,-0.0570118535249045,0.259622885345809
i1073,0.428894233449748,-0.228777856876154
i1074,-0.110048910848947,0.159803651321138
i1075,0.0852199343333175,-0.0826237280138193
i1076,0.166535152086156,0.328637259970684
i1077,-0.178489470497005,0.716114705115457
i1078,0.214633546290772,-0.533181032793428
i1079,0.551280969493133,-0.439457913667392
i1080,-0.786902883676558,-0.0124089444485547
i1081,0.0406351703239314,0.630673258757611
i1082,-0.281727263204872,0.358841524948861
i1083,-0.0626616228104535,-0.233772367318769
i1084,-0.344015279608455,-0.401077473293959
i1085,0.363746563428028,-0.515681141461136
i1086,-0.141779115429795,0.599476448638363
i1087,0.210324545912137,0.0472501802127201
i1088,-0.610137189316639,0.146126107028276
i1089,0.641733134970641,0.32506193583944
i1090,0.223140990933187,-0.0590402454944433
i1091,0.0280030023829165,-0.267919538495451
i1092,0.308506189336991,0.422020869894769
i1093,-0.153247718422663,-0.178733052079727
i1094,-0.149526177284703,-0.720187561347919
i1095,-0.0346682182907511,0.540591702150474
i1096,0.0901658744780807,0.105025655736087
i1097,-0.0441696509443206,-0.216108459495771
i1098,-0.0317876808715286,0.170679422085296
i1099,0.328269394286299,0.379967465247427
i1100,-0.201372220595231,0.451432314124794
i1101,0.412037684251232,0.122865309902754
i1102,-0.146288439484422,-0.653114970682486
i1103,0.147123099470472,0.221788599581856
i1104,0.436802920377246,0.359677572414652
i1105,-0.340315905464515,-0.391654157223166
i1106,-0.628445486127964,-0.15610364034903
i1107,0.0675885441676867,0.500226462115229
i1108,-0.335365048354689,0.3352771492668
i1109,0.45423409334646,-0.186488076576535
i1110,-0.162375163129669,-0.686227508751668
i1111,0.207937583428331,0.145789898956749
i1112,-0.124733253060326,-0.68838129209037
i1113,-0.283695029311316,-0.268136122350113
i1114,0.771210354221213,-0.288359232221782
i1115,-0.0870170360658504,0.0697679635358668
i1116,0.0357619078124372,0.551119656817065
i1117,0.253573865007816,0.328097830968134
i1118,0.104419341896051,0.690055126319355
i1119,0.0165194568206324,-0.545290703099461
i1120,0.492902297151381,0.131359600655171
i1121,-0.203461767718303,0.211107840465881
i1122,-0.46485939680839,0.136723284876827
i1123,0.0148319463565652,-0.785629327021922
i1124,0.0067223044803304,-0.257168213213162
i1125,-0.403636509409344,0.633903276853858
i1126,-0.391027863891142,-0.0527968728280848
i1127,0.298889875032575,-0.0776111774591657
i1128,0.667836981223636,-0.346888132326961
i1129,0.353393001743335,-0.836156456627821
i1130,-0.245710480513714,0.254569728411987
i1131,0.265011530628634,0.194342024051807
i1132,-0.0186947750114529,-0.278308910037389
i1133,0.784565766853559,-0.864930910999249
i1134,-0.0925371667240287,0.246237874385011
i1135,-0.389138184913408,0.472863912483698
i1136,-0.474160137569948,-0.261550630718967
i1137,0.194529186535312,0.180043877797244
i1138,0.34419529253979,0.463610339685545
i1139,-0.155406989020737,0.686007079236693
i1140,-0.356134954802486,0.0855312618090229
i1141,0.147355947701219,0.502085108046903
i1142,-0.134679620397713,0.391975309206421
i1143,0.569814214813817,-0.463523555367315
i1144,0.55168459115637,-0.798006261830812
i1145,0.662171678038191,0.360453374006474
i1146,-0.740162148809515,-0.560409273182547
i1147,0.175131447714212,-0.466816032973779
i1148,-0.15954764683049,0.202581172903298
i1149,0.113799085070585,0.611901946243716
i1150,0.792314345210716,0.0767815776040874
i1151,-0.00629738623126486,-0.839953532081969
i1152,0.320470490265405,-0.371447015410351
i1153,0.3870196244333,0.0187094295480739
i1154,0.0767361001630034,-0.0129781641556385
i1155,-0.318849557844797,-0.499207270633359
i1156,-0.111044763618476,0.720622160903514
i1157,-0.0228131478907346,0.847205898331622
i1158,-0.238602774762195,-0.0420531400625048
i1159,-0.292667767504503,0.080279983853613
i1160,-0.0770442803890764,-0.156621515900174
i1161,-0.391392888496131,0.483117791579637
i1162,0.147082591091331,0.496520823696242
i1163,-0.620056826461838,0.0415557897462659
i1164,-0.126665398963579,0.471234952422992
i1165,-0.513706101908733,-0.557579656786268
i1166,0.0268506491644984,0.460348534639778
i1167,0.592871768877409,-0.39742115106444
i1168,-0.521809963339419,0.0859349751837124
i1169,-0.302495693099778,0.430452565497423
i1170,0.115896857371402,0.74688264006324
i1171,0.110479919606628,-0.517148608945059
i1172,0.358918704499374,-0.134745800248717
i1173,-0.0598957195457495,-0.286123721298085
i1174,-0.100879337586289,-0.289387447292879
i1175,0.171412797505094,-0.192215816681146
i1176,0.110202580009451,0.192862438916992
i1177,-0.583155463821409,-0.621007004281234
i1178,-0.2677011559324,0.517267563495495
i1179,-0.102958381118218,0.0451201114026603
i1180,-0.0508101630882051,-0.354843423801863
i1181,-0.431214078104956,-0.325050126624222
i1182,0.0179846386681812,0.0380409829246966
i1183,-0.0966753244072395,0.635412105382367
i1184,-0.343322304376167,0.0501893678168286
i1185,0.0419295798698751,0.425331922775944
i1186,-0.389931632188535,-0.208106021775809
i1187,0.00110194903126537,-0.751968829768635
i1188,0.139377651666938,-0.00597018256694271
i1189,0.140165853247392,-0.517039314393326
i1190,0.216943658415216,0.764159065888303
i1191,0.0883713972538755,0.37883609901259
i1192,-0.229389986616803,-0.467281596267468
i1193,-0.103278134446504,0.323368700382098
i1194,-0.241727387495319,-0.72201189315685
i1195,0.12085424026773,-0.0450053754453874
i1196,-0.59409725900874,0.0619768547726944
i1197,0.350890843426621,0.925738493058283
i1198,0.144183081680278,0.155750084694876
i1199,-0.133166691924199,0.31840240760923
i1200,-0.82491043608764,-0.261610898533546
i1201,-0.438915685229017,-0.667306892698852
i1202,-0.246195331664132,0.520021442252672
i1203,-0.0322161582886591,0.384841329845917
i1204,0.363086890137367,0.0176500569313143
i1205,-0.378590155602297,0.287133410920423
i1206,-0.0661894721784767,-0.15216062983649
i1207,0.199182054752244,-0.468099220795761
i1208,-0.0386827339212503,0.465076868401852
i1209,-0.145588491340991,-0.231785945715877
i1210,-0.0254870315886541,0.566862642667648
i1211,-0.10547743216759,-0.0253468298420307
i1212,-0.124594909486499,-0.301551470682428
i1213,-0.044025892028921,0.0739873821940573
i1214,-0.371572152274575,0.663008505218151
i1215,-0.147515360336936,0.202772752788057
i1216,-0.393648727514041,0.193395673491481
i1217,0.082371670656844,-0.228664319575982
i1218,-0.44094781362845,0.75349805649905
i1219,-0.128139974237039,-0.426811313045901
i1220,-0.0944905281503251,-0.171521569912967
i1221,-0.207612479086065,0.142442846831104
i1222,-0.194057899362309,-0.840953209274449
i1223,0.236355154466709,0.517051854230046
i1224,-0.053183990966492,0.620606098627052
i1225,0.261452645074707,0.297373460721882
i1226,0.564280552742055,-0.430903176700795
i1227,0.479947737399186,-0.633602151449399
i1228,-0.600246244980476,-0.283770500897792
i1229,0.639183912266948,-0.618124698496661
i1230,0.409884954861521,0.276748694247171
i1231,0.339752067896018,-0.220261425145272
i1232,-0.219000208376694,0.154611822601235
i1233,-0.667632946623267,-0.0150039691136845
i1234,0.521346286435187,-0.367048873620961
i1235,-0.602080715568833,-0.508702738137244
i1236,0.696851724291726,-0.0864698532290076
i1237,-0.42147751513681,-0.583610631809779
i1238,-0.159425992114538,-0.13204375413553
i1239,-0.308620754854004,0.0963717265768089
i1240,-0.0614896901973188,-0.0262572516982685
i1241,0.0301082149910774,1
i1242,0.531468954839142,0.308430498697212
i1243,0.308772489432049,0.313151481100016
i1244,-0.588481657330608,-0.11255109041719
i1245,-0.473699145550372,-0.285874646787128
i1246,-0.376893779676355,0.400634148254145
i1247,-0.137494622326523,-0.643250312289001
i1248,-0.406191965662098,-0.674281851334691
i1249,0.736458904962367,-0.333115559350981
i1250,0.0497145529648655,0.476841707869208
i1251,-0.336783085991847,0.371203454977849
i1252,-0.0547783587420646,0.826523154712406
i1253,-0.160522960685347,-0.413472126278768
i1254,-0.318910428609254,-0.658291242628696
i1255,-0.203345404230508,0.0711179285404577
i1256,0.0560502273311803,0.022085917507807
i1257,0.190209980426658,0.831839086850913
i1258,-0.00707178045349965,0.168134899570434
i1259,-0.134376531890693,-0.0926908851301085
i1260,0.172166953610479,0.136672899315433
i1261,-0.122667217839004,-0.589046904069
i1262,0.584824693222755,-0.0238722825019155
i1263,-0.0784036058181904,0.532082394139318
i1264,0.289884184796127,-0.704607054096205
i1265,0.191950683937152,0.386332932834372
i1266,0.579650722206029,0.366973353176113
i1267,0.0392270457397219,0.0319898941865764
i1268,0.134828924124012,0.521047506894381
i1269,-0.507618727323361,-0.695044893693474
i1270,-0.106946053244639,0.27069972194093
i1271,0.0672858310740663,0.0914682566996667
i1272,-0.158309641479821,0.641531527260462
i1273,-0.658464461400883,0.221164995093691
i1274,-0.666674323164328,-0.816640202573343
i1275,-0.174316122286895,-0.221885738828712
i1276,0.483356157509184,0.535919013589119
i1277,-0.561206248738144,0.280246120241615
i1278,-0.082255339359935,-0.0191346886311696
i1279,-0.0348185308483163,0.574416936086463
i1280,0.0832641214878471,-0.191932611472163
i1281,-0.4683657118769,-0.385758354951538
i1282,-0.525728869384123,0.0889062495833917
i1283,-0.756144828143463,-0.15048352120303
i1284,0.0204849397876807,0.210335344482124
i1285,-0.460610924710762,0.613763294635886
i1286,0.0642805451587765,-0.347811067236354
i1287,0.0928253715474143,-0.0582818974055601
i1288,0.511366775293469,-0.497901528384834
i1289,-0.452792633348068,-0.30726650356148
i1290,0.116565338332557,0.172441430840191
i1291,-0.267235251290128,0.169594136649891
i1292,0.286116882192273,-0.0201586919357049
i1293,-0.450359266555747,-0.396459002830454
i1294,-0.250943932794608,-0.276008972954673
i1295,-0.400700825368051,-0.281060181001137
i1296,-0.397475157244976,-0.19525491024478
i1297,-0.217166831137679,0.588775038688379
i1298,-0.422553959592385,0.182132046334853
i1299,0.384921013743847,-0.681957368014903
i1300,-0.0867184733016604,-0.0169005942972416
i1301,0.0748948587594414,-0.501292775079828
i1302,0.13849457979393,0.0270504997720582
i1303,1,-0.477850631254974
i1304,-0.133209759654008,0.653064664069442
i1305,0.0249571798586601,0.415948682661236
i1306,0.00542018549472467,0.227411487201278
i1307,-0.0166897214722033,0.303888323612264
i1308,0.283845798365361,-0.944019378168607
i1309,0.755002593565939,-0.176784119634954
i1310,0.187845940720774,0.618486867267385
i1311,-0.2680584089759,0.226233442770018
i1312,-0.562124944652905,0.075862906359655
i1313,0.373051310615785,0.00582039631892295
i1314,-0.497496128483358,0.153557006302361
i1315,-0.00261283838891768,-0.28876657147096
i1316,-0.370014868508581,-0.0792282546629591
i1317,-0.837400327003007,-0.113622481276509
i1318,0.488340308140286,0.075806355859378
i1319,-0.232960514953,-0.088733972540313
i1320,-0.139192953375623,-0.398026209103115
i1321,-0.0353177437575802,-0.299896065843982
i1322,-0.0721086616179141,0.177905747281105
i1323,-0.00832670773740052,-0.675814761936824
i1324,0.119941977497482,-0.0780922805865129
i1325,-0.513628534843868,-0.262492032761437
i1326,-0.267566974036447,-0.569492163317017
i1327,-0.15969718764704,-0.428200414060937
i1328,-0.320388508794991,-0.056252243349514
i1329,-0.172540272784926,-0.907967011853349
i1330,-0.148010690762693,-0.174753396484024
i1331,-0.419619558121508,0.388963799068333
i1332,-0.0530530519457575,0.494981078605325
i1333,-0.230493524845611,-0.376152089529983
i1334,-0.339423674512508,0.881400383088808
i1335,0.355390139710427,-0.233933883279079
i1336,-0.598460383236313,0.189011614823845
i1337,-0.00428302629046218,0.221924116372966
i1338,-0.0975328225837628,-0.288383390109115
i1339,-0.0259660090720185,0.564091720510375
i1340,-0.386194962462612,-0.466795210843667
i1341,0.548433237350477,0.0239571546721233
i1342,-0.0757241598628473,0.138650633326739
i1343,0.0948040891976241,-0.424550395813807
i1344,0.671147116883527,-0.139977262088415
i1345,0.194407917635696,-0.590025332630006
i1346,0.750192049314508,-0.0441042372959568
i1347,0.269372087732457,-0.158440288302905
i1348,-0.199887412618341,0.633630436955461
i1349,0.239620858449648,0.263323308645613
i1350,0.185802878666012,-0.264519577011111
i1351,0.348230784237895,0.735831804869749
i1352,0.428113897193091,0.364975758446171
i1353,0.276272654540566,0.831745223443455
i1354,-0.194566101120228,0.829952597344797
i1355,-0.307456830031129,0.605747039607163
i1356,0.243732772637575,0.898879183780701
i1357,-0.475149592821103,-0.396190439266062
i1358,-0.067268122770033,0.0765905879848887
i1359,0.549291365844507,-0.272983571034694
i1360,0.587778643224784,-0.277121717342179
i1361,-0.508517055948674,-0.338586832938099
i1362,0.11998948447414,-0.416257005701109
i1363,-0.0216141963237758,0.133970189430089
i1364,0.109583053146896,-0.0814594955841249
i1365,0.0843339895121145,0.525054832886539
i1366,0.619029693228648,-0.0955843456294548
i1367,0.254202667694634,-0.0590557335549596
i1368,-0.161475220364445,-0.382013704413571
i1369,-0.216234926123838,-0.386435485144142
i1370,-0.264875119541049,-0.291482016519876
i1371,-0.389200705454539,0.411945174107436
i1372,0.1090614087015,0.224947984241713
i1373,-0.328932433263552,0.444140237312293
i1374,-0.599522807224285,-0.0945275696866781
i1375,-0.224009296673396,0.104461034281152
i1376,-0.424083853122959,-0.211145112183777
i1377,0.34238853888396,0.769590867515168
i1378,0.143806759119879,-0.649130354047953
i1379,-0.118370063370302,-0.883700819751043
i1380,-0.355452300787725,0.238987557809803
i1381,-0.238730684987528,0.796555039833139
i1382,-0.322974343070396,0.0949030292396196
i1383,0.470558687811429,-0.13185843029871
i1384,-0.157128096873305,0.84195692105928
i1385,0.485957463649591,0.0664597261710176
i1386,0.919004674505149,-0.500741982524098
i1387,0.0444502446660935,0.150783696118437
i1388,-0.509904444116681,0.168391761688058
i1389,0.181693592167713,0.0930698175730869
i1390,0.449811267112834,-0.0860984424295002
i1391,0.647585391231032,-0.0333014369873396
i1392,0.131603725725638,-0.335383313510985
i1393,-0.241030308487121,-0.60559075871338
i1394,-0.175933968886822,-0.830147353440829
i1395,-0.477997413412533,0.513555506039138
i1396,0.142078678207324,0.688814253427831
i1397,-0.576812529168765,0.0201124501143852
i1398,-0.0890199467343651,0.613995296167364
i1399,-0.0482834439188671,0.21590746612498
i1400,-0.0433013621237811,0.400578025091313
i1401,-0.332916503732998,0.264297478264948
i1402,0.428281017633254,-0.290368577536485
i1403,-0.173235648881923,0.680492000450704
i1404,-0.0897715536684637,0.25813425125222
i1405,-0.13744311005503,-0.0577101435692459
i1406,-0.14178801767707,0.823401897318972
i1407,-0.485053399649282,-0.132092321102725
i1408,0.0305301258786064,0.365105148902579
i1409,0.0730653855837136,0.271280671859411
i1410,-0.222506090003405,0.73861760468704
i1411,-0.33147591684044,-0.327814865460951
i1412,-0.150923915959127,-0.0576516850802244
i1413,-0.257247318871516,-0.301136858406702
i1414,0.354887421335041,0.0240403107909071
i1415,-0.0800693069314152,-0.511200112638528
i1416,-0.134501745821242,0.836259516829099
i1417,0.00140206796734765,0.0984615666436288
i1418,-0.47972765215284,-0.0154918166029493
i1419,-0.0858718989946657,0.0860147101067257
i1420,-0.234202045066888,0.751799147336206
i1421,-0.194677762702514,0.464097912523076
i1422,-0.632192318612198,0.0211535530480988
i1423,0.337984118390771,0.134852936671363
i1424,0.295327119295502,0.0508430859836859
i1425,-0.107452802075981,0.520284147379825
i1426,-0.142630086705971,-0.721487629508179
i1427,-0.423506880664201,0.15867139949045
i1428,0.220549720049295,0.0316400459005224
i1429,0.362218810461598,0.519075724361904
i1430,-0.140808521972973,0.654283434967516
i1431,-0.349068638626419,0.443272197057954
i1432,0.494321582636084,0.0340414484641285
i1433,-0.044859653701683,-0.0833489102262996
i1434,0.088215398960013,-0.376193492126439
i1435,-0.267883693084145,0.429545771347496
i1436,-0.542931229562075,-0.717910205325117
i1437,0.00406092171405814,-0.750478219181449
i1438,-0.196493346944363,0.391838648966218
i1439,-0.338723264954742,0.00571203277677945
i1440,0.37710118024026,-0.309140780518382
i1441,0.207744485488489,-0.539449348470545
i1442,-0.469239860782042,0.559074588478484
i1443,-0.12552659047425,-0.036740500301216
i1444,0.364923673358019,0.676489906947188
i1445,0.294507807791995,-0.3990871681446
i1446,-0.0225446917238143,0.930264425140988
i1447,0.441375452910343,0.605305042002595
i1448,-0.375074903605501,-0.00883252198997198
i1449,0.0777671586042956,0.265534739531681
i1450,-0.03848273012652,0.287805349360024
i1451,-0.352917312755921,0.286836861473319
i1452,0.324770209706568,-0.118481523061189
i1453,-0.426890426059772,-0.428910462299242
i1454,-0.652414480313334,-0.00699113938925722
i1455,-0.133894132383499,-0.707440674565595
i1456,0.00512650081788157,-0.238346030884177
i1457,-0.0716357218922996,-0.568254190676017
i1458,0.165762745103293,0.133353754034867
i1459,0.0720959591862633,0.0122911061669981
i1460,0.086214042259062,-0.458102034367239
i1461,-0.112955880540088,-0.125531132468542
i1462,0.644813959761254,-0.165744928019296
i1463,-0.00687517418650385,0.618515596955632
i1464,-0.0723771285366883,0.421596184100913
i1465,0.141708579498161,-0.210699987538904
i1466,-0.399554991460561,0.0113591299276572
i1467,0.200621805522952,-0.331154815086571
i1468,-0.690175290653141,-0.0165175395121903
i1469,-0.236401327753627,-0.23114066160151
i1470,-0.180223884101423,0.573080148130293
i1471,-0.0510661724543711,-0.671268964670585
i1472,-0.258535650866542,0.128071267475149
i1473,0.491093588991863,0.0741385612076808
i1474,-0.506376122065016,0.541708303435435
i1475,-0.238885818934359,0.484492298773129
i1476,0.787539604296656,-0.573440033431868
i1477,0.036997229489834,-0.547390134449673
i1478,0.265971591961915,-0.00630924589594262
i1479,-0.119442212497953,0.56957472912422
i1480,0.242101560691771,-0.952300376842747
i1481,0.264820683549434,0.385069070517257
i1482,-0.108694745719466,-0.288600015379727
i1483,-0.115427288513682,0.14685368095651
i1484,-0.316717005035331,-0.749463445015025
i1485,0.134426954366493,0.0656003771379927
i1486,0.0327122839501146,0.0505716259367885
i1487,-0.734764500601921,-0.227235867135336
i1488,-0.123117641724388,0.498888290453786
i1489,-0.263252525283901,0.207654366509205
i1490,0.0667359824931195,0.712301446149669
i1491,0.469127437398092,-0.292704277667351
i1492,-0.268663717624899,-0.0401459056052368
i1493,0.304162523268781,0.0583920780064717
i1494,-0.263586880379821,0.760941610565871
i1495,-0.0483962996060864,-0.489937300185479
i1496,-0.28456425426076,0.0773473800239295
i1497,-0.662441088535165,-0.330244020850592
i1498,-0.496228463157094,-0.269997858042968
i1499,-0.11544780127466,0.819579401311592
i1500,0.799551697232193,-0.414760506124464
i1501,0.051592156720202,-0.0678441623548529
i1502,-0.498652578617332,0.598469158581346
i1503,-0.349360354728186,0.576165908562029
i1504,-0.000132614591835778,-0.0191135364269165
i1505,-0.808750007949505,0.112809582234656
i1506,0.0664333937306618,-0.233641892145901
i1507,-0.650179219267789,-0.222291007718356
i1508,-0.470855653590925,0.680630315375789
i1509,-0.544803118201488,0.278038149245117
i1510,-0.251852201043432,-0.0191779762640238
i1511,-0.437086046793964,0.180485490346834
i1512,-0.259251119936795,-0.559994078604457
i1513,-0.278810408644088,-0.126276147313504
i1514,-0.216288830053205,0.80670564569771
i1515,-0.428292442446214,0.550432236111303
i1516,-0.447615594766672,0.281241622739153
i1517,0.32339255494705,-0.319131672453146
i1518,0.0868660458369825,0.447645214299914
i1519,-0.295516426546284,0.200828226311641
i1520,-0.150272437437776,-0.112288439995254
i1521,-0.400764832463506,-0.666002578697735
i1522,-0.381498552130111,0.32461324077071
i1523,0.0716084765673308,0.228095358100226
i1524,0.283249297409147,-0.300986436174252
i1525,-0.652505757080122,-0.0853256100337907
i1526,-0.286538175985168,-0.0446082085242971
i1527,0.209588022677082,-0.39525913501657
i1528,-0.613874334413479,-0.0173811296530813
i1529,-0.202455329690653,-0.84420142466723
i1530,-0.442845193020266,0.43640095112576
i1531,-0.718535212265403,-0.245149326044555
i1532,0.0105891548689161,-0.430630045951228
i1533,-0.449561602065875,-0.866376634682139
i1534,-0.426617769684565,-0.515829940780872
i1535,-0.646083860087033,-0.1177930444203
i1536,-0.495664718368506,-0.0697303105881529
i1537,-0.163906636815486,-0.0666886697870516
i1538,0.0586490897607679,0.451500557157653
i1539,-0.158187528201202,-0.495962188995639
i1540,-0.539652836787565,0.2010443903421
i1541,-0.125779201529635,0.659487020690762
i1542,-0.416917111744084,-0.373819203778626
i1543,0.0759505190860348,0.117902335744623
i1544,-0.146640870057672,-0.411932453049878
i1545,-0.658012581249195,-0.185665080490579
i1546,-0.22235254799572,-0.398450725614904
i1547,-0.259566846282948,-0.40581800159819
i1548,-0.235149311845899,0.156357220157785
i1549,-0.0611015796864647,-0.0726276307757781
i1550,0.0815477250859185,-0.388339797542115
i1551,0.0932632077099265,0.0495607426378724
i1552,-0.31298706408863,0.349301391281429
i1553,0.315578436705882,0.0842024270377015
i1554,-0.251537575363837,-0.272448548525468
i1555,-0.143893472384932,0.0246491518523104
i1556,-0.171212746170161,-0.260224745518612
i1557,-0.120858947316192,-0.303310602638819
i1558,-0.150670379981412,-0.910777467111939
i1559,-0.349023579366035,0.267981622562664
i1560,-0.00559141582640044,0.200712307319703
i1561,0.13440549993009,0.65438701536925
i1562,-0.0143615945446922,-0.348066949979702
i1563,0.007870107208372,-0.0437977291283834
i1564,-0.412612754303728,-0.377041171581904
i1565,0.560224978225295,-0.577306055901114
i1566,-0.114570595752156,-0.0189265270700757
i1567,0.319720266234993,-0.231344873511588
i1568,-0.0484580871416436,-0.535664914314656
i1569,-0.105727745607292,-0.117469176472736
i1570,-0.117995623676911,-0.939885160590984
i1571,-0.0940700193135111,-0.421372252046665
i1572,0.33803915510259,0.406301640200314
i1573,-0.202141477408287,0.62976467617132
i1574,-0.0842136060530932,0.175299675568368
i1575,0.0746388528219426,-0.335740481020287
i1576,0.378957535075371,-0.245728090810623
i1577,-0.46661564743273,-0.887860649432457
i1578,-0.0830427144024082,-0.158754346090513
i1579,0.213152062034331,-0.227727474750119
i1580,-0.398248253125517,-0.523477651606754
i1581,0.172911152512096,-0.668551404563646
i1582,-0.351566433225569,-0.5656037787993
i1583,-0.0982882558102626,-0.451075926777594
i1584,0.280364855035294,0.0911942257834348
i1585,0.106773637174719,-0.0433163172155985
i1586,0.644171184905991,0.0418514355637327
i1587,0.191117677059582,-0.806055080844807
i1588,-0.410468296268718,0.203581606654366
i1589,0.201228125913073,0.448799067271637
i1590,-0.246840453788986,0.415549988703308
i1591,0.114301840748483,-0.643461737979786
i1592,-0.289210583384168,-0.509690604731384
i1593,0.235494534415544,-0.0358425607044229
i1594,-0.370276217905721,0.271318165719004
i1595,0.140566396633329,0.141794601745799
i1596,0.0236075393419843,0.307041234586164
i1597,-0.0839372647876478,-0.0701752986251371
i1598,0.403558350551303,-0.246383484966653
i1599,0.544254914019579,0.155116643060313
i1600,-0.216125097704801,0.356923236771863
i1601,0.0735906731325342,0.451235817271645
i1602,-0.0491421273108484,0.756917463719598
i1603,-0.151838251206902,0.233722336939618
i1604,-0.334177005443233,0.0714194149778042
i1605,0.165323473937065,-0.851824162487611
i1606,-0.0396309541543196,0.20056262609196
i1607,-0.122924373303712,0.229110721948536
i1608,-0.343484214216859,0.44105804531358
i1609,0.581902736665405,0.124332450376527
i1610,0.416557249992374,-0.38509077883048
i1611,-0.314906714779549,0.392616993722024
i1612,-0.0141139035804739,-0.59841032204767
i1613,0.405040243550948,0.494827185791884
i1614,0.544943860254729,-0.117232999414313
i1615,0.577517008794908,0.0278986864050106
i1616,-0.175006595503811,-0.736375864440932
i1617,0.59291679463893,-0.715853220569006
i1618,0.959321887923522,-0.238104021924656
i1619,0.0515621968322142,0.18776159637986
i1620,-0.396176090847634,0.398993109310513
i1621,0.350766852483276,0.465151855029311
i1622,0.0395892091435428,0.0909043836255226
i1623,-0.281522168676907,0.661107640249133
i1624,0.14502239955003,0.684539461143138
i1625,0.0277005479112751,-0.334710809495592
i1626,-0.430889916075538,0.434774159135672
i1627,-0.748642999991384,0.114502214248477
i1628,-0.199160414820055,0.318652837358606
i1629,-0.103820340840294,0.0822118560012413
i1630,-0.0389150534939532,-0.151144651797097
i1631,0.0154238688209261,-0.572909672596836
i1632,0.653236783479151,-0.747142483910153
i1633,-0.230395374969093,-0.0591068060851526
i1634,-0.134485106996705,-0.776668146138444
i1635,-0.490295546693209,-0.0670693051217186
i1636,0.277225771241753,0.397312349030407
i1637,-0.0344466734289026,0.235007366649092
i1638,-0.435123217533289,0.0465895892185708
i1639,-0.0688393573438731,-0.692123075268727
i1640,-0.349440479998127,-0.751462478958282
i1641,0.160389347737994,0.135339339223
i1642,-0.324528702896223,0.536261577047217
i1643,0.2918672710669,-0.354822082316605
i1644,-0.0471379080681337,0.601085680862573
i1645,0.802338168359261,-0.0863031649213321
i1646,-0.469143462561374,-0.287629142772885
i1647,0.316431357577493,-0.255463776791906
i1648,-0.0745888010515954,0.0547184396774998
i1649,0.041731614089233,-0.39385743275509
i1650,-0.073275039548157,0.0255217431516734
i1651,-0.106739591577019,0.572049738447355
i1652,0.101924378649344,0.318514536407013
i1653,-0.174802583753097,-0.798727430440677
i1654,0.00226813609902177,0.171423773784832
i1655,0.333495407264793,-0.711465921140288
i1656,0.416384000311114,-0.0564644988396676
i1657,0.0396032627313532,-0.809891939467967
i1658,-0.105799828961155,-0.0607231756220823
i1659,0.0757928216677191,0.663402726457404
i1660,-0.414451070974089,-0.337755559941829
i1661,0.496653959722131,0.00460184417242893
i1662,0.498841784623357,-0.00499611018524604
i1663,-0.115152953853882,-0.798263107917345
i1664,-0.0497116443880521,0.258831275258056
i1665,-0.574806042610299,-0.488537372442374
i1666,-0.188786113919313,0.508215838270903
i1667,0.0606473036877202,0.636844176701931
i1668,-0.288177851005676,0.583766131553864
i1669,0.118952417960202,0.685945977291125
i1670,0.574324730294849,-0.20287410735916
i1671,-0.065983325107469,0.388648872262341
i1672,-0.189242403262535,0.578097313217578
i1673,0.452381312168829,-0.89967996752512
i1674,-0.211754010396103,0.0827860725301186
i1675,0.0131631800539238,0.281456335475724
i1676,-0.000155470510518452,-0.366926988301164
i1677,-0.040030484384305,0.82019686054125
i1678,-0.490604564871959,-0.0264870180490324
i1679,-0.209862684742913,0.00757157698394817
i1680,-0.325715577267043,0.420315893566805
i1681,-0.177839458802245,0.172898000809069
i1682,0.0810244592089862,-0.677213099284036
i1683,0.657536986259814,-0.162357698090976
i1684,0.620834553203851,-0.123055492098264
i1685,-0.182490136135004,-0.414410248449777
i1686,-0.520834603111111,-0.387857982363436
i1687,0.00359044724293289,0.534674607924675
i1688,-0.431081185071036,-0.470266792975768
i1689,-0.320792889935741,0.206465672444142
i1690,-0.277081624929849,-0.509487947489543
i1691,-0.0518232378792874,-0.157112770875238
i1692,0.203886119262698,0.184294301218754
i1693,-0.062266533247105,0.601380945398886
i1694,0.0237484093460443,0.210396893868158
i1695,-0.209199860311304,-0.00140046238541847
i1696,0.0422965701444136,-0.474768937122331
i1697,0.0477007929650193,0.583920342278353
i1698,-0.68593526636564,-0.643433138756647
i1699,-0.223632172990603,-0.0264879348078604
i1700,-0.155734836485359,-0.818989212140053
i1701,-0.0432360760888234,0.446928378992634
i1702,0.00114804434624993,0.338125186524352
i1703,0.163527434968916,0.500103290914039
i1704,-0.274834161610852,-0.241170357672926
i1705,-0.633002938372283,0.0871204804193948
i1706,0.0421643559191665,0.219366755472046
i1707,0.0931793565103107,0.502743564645004
i1708,-0.195466302452864,0.0762233342969869
i1709,0.332230258139476,0.331369696275167
i1710,0.0571791476098462,0.37009511872137
i1711,0.00901557509157058,0.565858488895199
i1712,0.21748139800707,-0.235837370809899
i1713,-0.350729784793131,-0.554606987095725
i1714,-0.279322964902691,0.706690414353093
i1715,0.13606087363029,-0.579511778680117
i1716,-0.716669721544858,-0.466791428564598
i1717,-0.166711574226836,0.313403275952775
i1718,-0.0573899027199788,0.96615397968096
i1719,-0.804599430811711,-0.95190374048173
i1720,0.598659268175943,-0.496851392628194
i1721,-0.377189765763656,0.303750723245137
i1722,-0.171723087488115,-0.150399836800154
i1723,-0.285226341462838,-0.618516254545334
i1724,-0.316943847329917,0.0492187905256283
i1725,-0.315508862771171,-0.160541614248974
i1726,-0.176474535204654,0.137172948063716
i1727,0.317099265463385,-0.176238799321807
i1728,-0.450654769884367,0.0294620668220971
i1729,-0.0101342531601701,0.434498184140784
i1730,0.309005018639018,-0.751356816760752
i1731,0.00104621398228266,-0.31182892489498
i1732,-0.456602228484909,-0.10706411704487
i1733,-0.0346184066631091,0.499309519297986
i1734,-0.175457732040528,-0.100344547151248
i1735,-0.0730736868176696,0.631319694353078
i1736,-0.0868977474554012,-0.711287521577629
i1737,0.842759951520679,-0.0057401375566144
i1738,-0.0751995651838886,0.472775403872901
i1739,0.362365158274782,-0.0533215386029965
i1740,0.289634744632242,0.195858459615859
i1741,-0.0682793810260884,0.329364158737325
i1742,-0.605786068604234,0.170375494217628
i1743,0.272603398661918,-0.704037060640395
i1744,0.444968268916736,-0.256636576424024
i1745,0.263099106992964,-0.415101080785828
i1746,-0.0213473974854267,0.225887392943323
i1747,0.536472891821284,-0.722494232342108
i1748,-0.177917939669996,-0.154990636242265
i1749,-0.452333405789458,-0.341400133348706
i1750,0.240059732780799,0.316555027700122
i1751,-0.0763920408610897,0.327745998766578
i1752,-0.0553977379130461,-0.150816940548089
i1753,0.313835608440069,-0.543095541843881
i1754,-0.0324012265479777,-0.207654309806534
i1755,-0.409696207070888,0.282626983948281
i1756,0.273752942779402,-0.554737462987283
i1757,-0.00725097808886643,0.456045897373196
i1758,-0.00402853195200303,-0.37752148299712
i1759,-0.0682739008133199,0.574215139820526
i1760,-0.51292628504471,-0.542435714752556
i1761,0.304921065569157,0.30438362456769
i1762,-0.301782769671768,0.669478158208601
i1763,-0.360196452417479,0.078227516482914
i1764,0.15290547941657,-0.288417480409916
i1765,-0.343526870126619,0.372561108134219
i1766,0.408617695703939,-0.301842065987836
i1767,0.0070677308051954,0.101599351790622
i1768,0.220327740276948,0.487718185032981
i1769,-0.13101826493289,-0.823211531146857
i1770,-0.679082392948651,0.182329443704154
i1771,0.140970231111875,-0.0864381130541111
i1772,0.198128697245439,-0.42895970693119
i1773,-0.20469137681195,0.142652711955
i1774,0.0455964544769545,0.922570142652808
i1775,-0.509672875623134,-0.0579149663613749
i1776,-0.325056904376564,-0.804573021564517
i1777,-0.477197807457418,0.297197662826771
i1778,-0.168752800817588,0.579067721562169
i1779,-0.594061522444022,0.262017879407521
i1780,-0.441130105310766,0.915181150005822
i1781,-0.138035166254447,0.643142578162397
i1782,-0.615713501886178,0.386385780221619
i1783,0.247997492395073,-0.354896921766528
i1784,0.156615298487089,-0.0155043150356369
i1785,-0.0253831082305379,-0.182930643322721
i1786,-0.261284756368825,-0.0381262716702959
i1787,0.328525460910226,0.607260802815947
i1788,0.103268901140085,-0.0911413025687803
i1789,-0.12078719854341,-0.0827956042235296
i1790,-0.067794946373236,0.546096360403942
i1791,-0.237390624146312,-0.210606867103122
i1792,0.799811239424358,-0.472792767536978
i1793,-0.00670546842256459,0.331224527146669
i1794,0.611875129682421,-0.0578144950159124
i1795,-0.355017202900356,-0.540360975931779
i1796,0.220898889060584,-0.722071391425159
i1797,0.0431335912415032,-0.620599615575522
i1798,-0.294754508446012,-0.741278420572033
i1799,-0.314408203702225,0.379271186055821
i1800,-0.287484284603476,0.254482748912146
i1801,0.0988341163393387,-0.535384078606228
i1802,-0.113538929932692,0.333577864707024
i1803,-0.0859162599967073,-0.158979111940128
i1804,-0.197450018418726,0.0273588521818031
i1805,-0.155157257908348,0.579872420473289
i1806,-0.826855017545704,-0.938516495425477
i1807,-0.580519637538264,-0.445750777688939
i1808,-0.433240853952232,-0.0221519875675468
i1809,-0.287409791962031,0.452642989628872
i1810,0.18502588242534,-0.0758245158107845
i1811,-0.238696132457024,0.106282718829896
i1812,0.0518845006092943,-0.101672275953732
i1813,0.0333338277064403,-0.514070371241165
i1814,0.0674987214991363,0.63047426639965
i1815,0.543605033069896,0.158327560078782
i1816,-0.580798208076023,-0.664591737094948
i1817,0.148707917123536,-0.134839608666846
i1818,0.571494553705133,-0.468377491455021
i1819,0.343187516482371,0.177732589293583
i1820,-0.405718475537725,0.217938696373642
i1821,0.253949789603952,-0.223298097874721
i1822,-0.00686568764606632,0.128730499660129
i1823,0.472291412068837,-0.444285161726639
i1824,-0.125179759551403,-0.183331721224259
i1825,0.0918819183507553,0.727979017233006
i1826,-0.190494166072372,0.0449350690887769
i1827,0.0179077223115693,0.00235816194764915
i1828,-0.2885731836523,-0.00734843269562624
i1829,0.0774760534889505,-0.196434666771586
i1830,-0.0333776810678504,-0.133704963252169
i1831,0.0411464738618665,-0.324251183457119
i1832,0.933430697845449,-0.0382215446850036
i1833,0.00881650872971984,0.259080263798196
i1834,-0.584749327071951,0.334536354613205
i1835,-0.159688022660009,0.743474573992787
i1836,0.0565822184924576,0.633099870706025
i1837,-0.12096745899006,0.44131527479638
i1838,-0.29433081788347,-0.863534565367969
i1839,0.172172727370874,0.127908738415069
i1840,0.483354626222386,-0.591208558478109
i1841,0.127489227130688,0.0380789042412526
i1842,-0.188861460443687,-0.00873537865317475
i1843,-0.0730936171502272,-0.0321906821185206
i1844,0.196945861643069,0.883984387771032
i1845,-0.475834759072911,-0.448883121647134
i1846,-0.150313784518163,0.0819872132103587
i1847,0.264099456335474,0.684811063708363
i1848,-0.137630440394744,0.879599869858906
i1849,0.906538815830447,0.00490749639944243
i1850,-0.539297349450488,-0.420598011407689
i1851,0.0941097173391117,-0.239181946766622
i1852,0.0344455647040027,-0.723267594347267
i1853,0.709485435427694,-0.54072422682563
i1854,0.14431332957195,-0.951373317922945
i1855,0.257700090095637,0.295739139071117
i1856,-0.325921036514484,0.348785642273852
i1857,-0.117249310920124,-0.585117182359265
i1858,-0.0440461642232504,0.258099815298669
i1859,-0.153780686142789,-0.62384046155308
i1860,-0.168479129511458,-0.219836432824183
i1861,0.0658631553492146,0.647933964848807
i1862,-0.00939255717783771,0.294807231576707
i1863,0.602220155727171,-0.66721266880895
i1864,0.0610239167022837,-0.195917904290284
i1865,0.136632050525922,0.251177611919934
i1866,-0.368676281241793,0.00141237789182203
i1867,0.192894315141962,0.481133282196567
i1868,-0.100996200525202,0.429413492211755
i1869,-0.270971768614367,0.69390689751175
i1870,-0.0790617035954806,-0.279795195254024
i1871,-0.227193328286679,0.212492634806411
i1872,-0.375993775385462,0.0550752997389528
i1873,-0.00311384541472193,0.470468397709272
i1874,0.0849204239874748,-0.164213566765696
i1875,-0.10841693893699,0.86741371582169
i1876,-0.471919071487549,0.0427772341858415
i1877,-0.274559091512473,-0.0445155976575462
i1878,0.192680038476748,-0.673431178289751
i1879,-0.135774085245033,0.289582768850942
i1880,0.00157542033481439,-0.124669139430871
i1881,-0.386027185642509,-0.068890223486746
i1882,0.139103384021031,0.0844233509680334
i1883,-0.374006132895797,0.419210848624697
i1884,0.251370884838221,0.481063813173245
i1885,-0.0341469959373407,-0.00424873188360952
i1886,-0.218258529045358,0.33188142593937
i1887,0.11186096918778,0.671392349410042
i1888,0.0559262291424916,0.541779341090432
i1889,0.674650741895403,-0.326927736633031
i1890,0.12743275574857,-0.129959423076946
i1891,-1,-0.377680805234361
i1892,0.380586096528008,0.263643697354726
i1893,-0.192861126614903,0.115177802145398
i1894,0.380955547589306,-0.0161486821903186
i1895,0.153000153275399,-0.0683375317672783
i1896,0.43061913412142,0.336956946748554
i1897,-0.0719728808368559,0.0365359877310496
i1898,0.129608168275467,-0.16944569110978
i1899,-0.160195474201377,-0.442535416896818
i1900,-0.691072728071388,-0.0734237890451204
i1901,-0.701071091263582,-0.245765535281948
i1902,0.13818037762733,-0.0394103387492457
i1903,-0.254081622706418,-0.0967373128155916
i1904,-0.222700214936072,0.164997444268337
i1905,-0.495309907084706,-0.0564700614994004
i1906,0.1295133131621,0.0754707774375707
i1907,-0.230567669750687,-0.318830400279068
i1908,0.225400449683677,0.37279416318883
i1909,-0.459075757611925,-0.462136828812964
i1910,-0.630312931370453,-0.128620570621837
i1911,-0.344274052445739,0.352464543843219
i1912,0.374811181296715,-0.0313201857155834
i1913,-0.725360184452414,-0.477515909204738
i1914,0.00355225600738085,0.810397604236138
i1915,-0.0624136173122489,0.445242945977199
i1916,0.502908488222698,-0.0371256383284301
i1917,-0.165292639855709,-0.0235727612006953
i1918,-0.344064738130912,0.0622881469546561
i1919,0.660562095266846,-0.607911755969928
i1920,0.816351235499009,-0.154714457548187
i1921,-0.290759429930873,0.643797379345829
i1922,0.229747207819373,-0.120969225273958
i1923,-0.369027566573238,-0.447691458186574
i1924,-0.489571468842933,0.253600250414987
i1925,-0.235576526774204,0.364921634793257
i1926,-0.312279753421629,-0.922099942075237
i1927,-0.423817676494624,0.570540440538262
i1928,0.0826842373941172,-0.151815613566614
i1929,0.0117521573158199,0.340890947267171
i1930,0.0866713276916853,0.310437309692216
i1931,0.00128125399663714,-0.32114091012069
i1932,0.104531101019465,0.950658816655981
i1933,-0.113521760203307,-0.119805728575689
i1934,-0.397919681565895,-0.0141752331493951
i1935,-0.2624540305291,-0.208598112909905
i1936,-0.216895678276072,-0.395262998652703
i1937,-0.0350188275253066,0.525384455105631
i1938,0.222787129978913,-0.118966044816775
i1939,-0.139376935164169,-0.52995346186515
i1940,-0.4314149344719,-0.127960183858115
i1941,-0.159233599089282,0.618716260655017
i1942,-0.523693050630162,0.217192607898542
i1943,0.311053134735819,-0.323935047579073
i1944,0.0877881078136058,-0.658063960954597
i1945,0.198956751255347,-0.21701456718613
i1946,-0.439722418014634,0.586616476112784
i1947,0.232544082843364,0.070073606873871
i1948,-0.420889445865008,-0.167808778027752
i1949,-0.197428062404566,0.316640005837347
i1950,-0.226765674996317,0.629273645988729
i1951,0.0567676412805307,0.123801847719293
i1952,0.465554370487982,-0.527064188313131
i1953,0.176192856938328,0.627099679800056
i1954,-0.281129142507318,-0.00619563103594534
i1955,0.0875105087025421,-0.521476946076938
i1956,-0.248104769300542,0.191734926647039
i1957,-0.403727378110498,-0.184864321945677
i1958,-0.184473602515223,0.279273525815553
i1959,-0.241425212992881,0.0818501001819771
i1960,-0.296508872032912,0.480742308578039
i1961,-0.0965931078926511,0.244406969541742
i1962,-0.354426710540321,-0.600857723255291
i1963,-0.0285036431902088,0.249873556634067
i1964,-0.284916655105246,0.118753702976053
i1965,0.0780811158596748,0.573296108687003
i1966,-0.233759126948093,-0.407720278003514
i1967,-0.0472826678419105,0.00709497297142048
i1968,-0.0538127812349795,0.764499365379477
i1969,0.0221013172854485,0.337318402225332
i1970,-0.180609038387677,-0.099978400515458
i1971,-0.166866879350302,0.0378978306209363
i1972,-0.19719005436445,0.64426535079061
i1973,0.101773141829128,-0.028732958838801
i1974,0.344467598398437,0.390054645875503
i1975,-0.367279244789375,-1
i1976,-0.178287331469227,-0.664978824347956
i1977,-0.170239848596687,-0.493893276083687
i1978,0.170760468698137,0.935363921908333
i1979,0.171930055671207,0.0678889832143803
i1980,0.164138128336192,-0.0350544075178515
i1981,-0.413281487449797,-0.202989446784187
i1982,0.205898248159619,-0.420078519120509
i1983,-0.0797759893465374,-0.24137968084635
i1984,0.752988806584577,-0.207764459521621
i1985,0.285031082369141,-0.736769244995606
i1986,-0.116892414263048,-0.41408205015614
i1987,-0.0658260479040796,-0.333730706310953
i1988,-0.222537799774862,-0.549660181824501
i1989,-0.339549528439744,-0.182912742365502
i1990,0.254370440050429,-0.599890026775718
i1991,0.0968133074763484,0.696532802021832
i1992,0.222220241576572,-0.0169739363752583
i1993,-0.201323174784231,0.0753774269050353
i1994,-0.852726872708629,-0.332568500848443
i1995,-0.393161432113507,-0.372695527568239
i1996,0.480858013859036,-0.298593556561438
i1997,0.116315287688482,-0.194458822477854
i1998,-0.0585884287568774,0.620320090230414
i1999,-0.175850497665055,0.581646507633347
i2000,0.216743618903685,0.253113962627881
